timestamp,sensor_type,sensor_id,value
2025-01-01 00:00:00,temp,1,20.04
2025-01-01 00:00:00,lux,2,0.0
2025-01-01 00:00:00,occupancy,3,0.0
2025-01-01 00:15:00,temp,1,18.74
2025-01-01 00:15:00,lux,2,0.0
2025-01-01 00:15:00,occupancy,3,0.0
2025-01-01 00:30:00,temp,1,16.58
2025-01-01 00:30:00,lux,2,0.0
2025-01-01 00:30:00,occupancy,3,0.0
2025-01-01 00:45:00,temp,1,16.68
2025-01-01 00:45:00,lux,2,0.0
2025-01-01 00:45:00,occupancy,3,0.0
2025-01-01 01:00:00,temp,1,18.8
2025-01-01 01:00:00,lux,2,0.0
2025-01-01 01:00:00,occupancy,3,0.0
2025-01-01 01:15:00,temp,1,18.68
2025-01-01 01:15:00,lux,2,0.0
2025-01-01 01:15:00,occupancy,3,0.0
2025-01-01 01:30:00,temp,1,19.68
2025-01-01 01:30:00,lux,2,0.0
2025-01-01 01:30:00,occupancy,3,0.0
2025-01-01 01:45:00,temp,1,19.41
2025-01-01 01:45:00,lux,2,0.0
2025-01-01 01:45:00,occupancy,3,0.0
2025-01-01 02:00:00,temp,1,18.65
2025-01-01 02:00:00,lux,2,0.0
2025-01-01 02:00:00,occupancy,3,0.0
2025-01-01 02:15:00,temp,1,19.04
2025-01-01 02:15:00,lux,2,0.0
2025-01-01 02:15:00,occupancy,3,0.0
2025-01-01 02:30:00,temp,1,16.8
2025-01-01 02:30:00,lux,2,0.0
2025-01-01 02:30:00,occupancy,3,0.0
2025-01-01 02:45:00,temp,1,18.75
2025-01-01 02:45:00,lux,2,0.0
2025-01-01 02:45:00,occupancy,3,0.0
2025-01-01 03:00:00,temp,1,20.5
2025-01-01 03:00:00,lux,2,0.0
2025-01-01 03:00:00,occupancy,3,1.0
2025-01-01 03:15:00,temp,1,17.06
2025-01-01 03:15:00,lux,2,0.0
2025-01-01 03:15:00,occupancy,3,0.0
2025-01-01 03:30:00,temp,1,19.25
2025-01-01 03:30:00,lux,2,0.0
2025-01-01 03:30:00,occupancy,3,0.0
2025-01-01 03:45:00,temp,1,17.52
2025-01-01 03:45:00,lux,2,0.0
2025-01-01 03:45:00,occupancy,3,0.0
2025-01-01 04:00:00,temp,1,19.72
2025-01-01 04:00:00,lux,2,0.0
2025-01-01 04:00:00,occupancy,3,0.0
2025-01-01 04:15:00,temp,1,18.25
2025-01-01 04:15:00,lux,2,0.0
2025-01-01 04:15:00,occupancy,3,0.0
2025-01-01 04:30:00,temp,1,19.43
2025-01-01 04:30:00,lux,2,0.0
2025-01-01 04:30:00,occupancy,3,0.0
2025-01-01 04:45:00,temp,1,17.71
2025-01-01 04:45:00,lux,2,0.0
2025-01-01 04:45:00,occupancy,3,0.0
2025-01-01 05:00:00,temp,1,17.29
2025-01-01 05:00:00,lux,2,0.0
2025-01-01 05:00:00,occupancy,3,0.0
2025-01-01 05:15:00,temp,1,20.16
2025-01-01 05:15:00,lux,2,0.0
2025-01-01 05:15:00,occupancy,3,0.0
2025-01-01 05:30:00,temp,1,20.38
2025-01-01 05:30:00,lux,2,0.0
2025-01-01 05:30:00,occupancy,3,0.0
2025-01-01 05:45:00,temp,1,18.97
2025-01-01 05:45:00,lux,2,0.0
2025-01-01 05:45:00,occupancy,3,0.0
2025-01-01 06:00:00,temp,1,19.58
2025-01-01 06:00:00,lux,2,324.0
2025-01-01 06:00:00,occupancy,3,0.0
2025-01-01 06:15:00,temp,1,18.53
2025-01-01 06:15:00,lux,2,388.0
2025-01-01 06:15:00,occupancy,3,0.0
2025-01-01 06:30:00,temp,1,18.44
2025-01-01 06:30:00,lux,2,208.0
2025-01-01 06:30:00,occupancy,3,1.0
2025-01-01 06:45:00,temp,1,19.43
2025-01-01 06:45:00,lux,2,451.0
2025-01-01 06:45:00,occupancy,3,0.0
2025-01-01 07:00:00,temp,1,17.5
2025-01-01 07:00:00,lux,2,223.0
2025-01-01 07:00:00,occupancy,3,0.0
2025-01-01 07:15:00,temp,1,20.38
2025-01-01 07:15:00,lux,2,479.0
2025-01-01 07:15:00,occupancy,3,0.0
2025-01-01 07:30:00,temp,1,17.42
2025-01-01 07:30:00,lux,2,481.0
2025-01-01 07:30:00,occupancy,3,0.0
2025-01-01 07:45:00,temp,1,18.43
2025-01-01 07:45:00,lux,2,250.0
2025-01-01 07:45:00,occupancy,3,0.0
2025-01-01 08:00:00,temp,1,24.99
2025-01-01 08:00:00,lux,2,414.0
2025-01-01 08:00:00,occupancy,3,0.0
2025-01-01 08:15:00,temp,1,23.86
2025-01-01 08:15:00,lux,2,441.0
2025-01-01 08:15:00,occupancy,3,0.0
2025-01-01 08:30:00,temp,1,23.2
2025-01-01 08:30:00,lux,2,432.0
2025-01-01 08:30:00,occupancy,3,0.0
2025-01-01 08:45:00,temp,1,22.95
2025-01-01 08:45:00,lux,2,317.0
2025-01-01 08:45:00,occupancy,3,0.0
2025-01-01 09:00:00,temp,1,24.05
2025-01-01 09:00:00,lux,2,316.0
2025-01-01 09:00:00,occupancy,3,1.0
2025-01-01 09:15:00,temp,1,22.98
2025-01-01 09:15:00,lux,2,408.0
2025-01-01 09:15:00,occupancy,3,1.0
2025-01-01 09:30:00,temp,1,22.78
2025-01-01 09:30:00,lux,2,310.0
2025-01-01 09:30:00,occupancy,3,1.0
2025-01-01 09:45:00,temp,1,23.23
2025-01-01 09:45:00,lux,2,465.0
2025-01-01 09:45:00,occupancy,3,1.0
2025-01-01 10:00:00,temp,1,21.6
2025-01-01 10:00:00,lux,2,400.0
2025-01-01 10:00:00,occupancy,3,1.0
2025-01-01 10:15:00,temp,1,23.01
2025-01-01 10:15:00,lux,2,407.0
2025-01-01 10:15:00,occupancy,3,1.0
2025-01-01 10:30:00,temp,1,22.08
2025-01-01 10:30:00,lux,2,270.0
2025-01-01 10:30:00,occupancy,3,1.0
2025-01-01 10:45:00,temp,1,21.91
2025-01-01 10:45:00,lux,2,374.0
2025-01-01 10:45:00,occupancy,3,1.0
2025-01-01 11:00:00,temp,1,24.84
2025-01-01 11:00:00,lux,2,344.0
2025-01-01 11:00:00,occupancy,3,1.0
2025-01-01 11:15:00,temp,1,22.1
2025-01-01 11:15:00,lux,2,443.0
2025-01-01 11:15:00,occupancy,3,1.0
2025-01-01 11:30:00,temp,1,22.71
2025-01-01 11:30:00,lux,2,382.0
2025-01-01 11:30:00,occupancy,3,1.0
2025-01-01 11:45:00,temp,1,21.76
2025-01-01 11:45:00,lux,2,261.0
2025-01-01 11:45:00,occupancy,3,1.0
2025-01-01 12:00:00,temp,1,22.62
2025-01-01 12:00:00,lux,2,385.0
2025-01-01 12:00:00,occupancy,3,1.0
2025-01-01 12:15:00,temp,1,22.43
2025-01-01 12:15:00,lux,2,369.0
2025-01-01 12:15:00,occupancy,3,1.0
2025-01-01 12:30:00,temp,1,23.66
2025-01-01 12:30:00,lux,2,470.0
2025-01-01 12:30:00,occupancy,3,1.0
2025-01-01 12:45:00,temp,1,22.94
2025-01-01 12:45:00,lux,2,427.0
2025-01-01 12:45:00,occupancy,3,1.0
2025-01-01 13:00:00,temp,1,21.91
2025-01-01 13:00:00,lux,2,367.0
2025-01-01 13:00:00,occupancy,3,1.0
2025-01-01 13:15:00,temp,1,22.59
2025-01-01 13:15:00,lux,2,367.0
2025-01-01 13:15:00,occupancy,3,1.0
2025-01-01 13:30:00,temp,1,21.9
2025-01-01 13:30:00,lux,2,230.0
2025-01-01 13:30:00,occupancy,3,1.0
2025-01-01 13:45:00,temp,1,24.69
2025-01-01 13:45:00,lux,2,412.0
2025-01-01 13:45:00,occupancy,3,1.0
2025-01-01 14:00:00,temp,1,22.6
2025-01-01 14:00:00,lux,2,305.0
2025-01-01 14:00:00,occupancy,3,1.0
2025-01-01 14:15:00,temp,1,23.56
2025-01-01 14:15:00,lux,2,273.0
2025-01-01 14:15:00,occupancy,3,1.0
2025-01-01 14:30:00,temp,1,23.02
2025-01-01 14:30:00,lux,2,290.0
2025-01-01 14:30:00,occupancy,3,1.0
2025-01-01 14:45:00,temp,1,20.5
2025-01-01 14:45:00,lux,2,203.0
2025-01-01 14:45:00,occupancy,3,1.0
2025-01-01 15:00:00,temp,1,23.16
2025-01-01 15:00:00,lux,2,246.0
2025-01-01 15:00:00,occupancy,3,1.0
2025-01-01 15:15:00,temp,1,21.68
2025-01-01 15:15:00,lux,2,354.0
2025-01-01 15:15:00,occupancy,3,1.0
2025-01-01 15:30:00,temp,1,24.78
2025-01-01 15:30:00,lux,2,329.0
2025-01-01 15:30:00,occupancy,3,1.0
2025-01-01 15:45:00,temp,1,23.37
2025-01-01 15:45:00,lux,2,214.0
2025-01-01 15:45:00,occupancy,3,1.0
2025-01-01 16:00:00,temp,1,23.34
2025-01-01 16:00:00,lux,2,237.0
2025-01-01 16:00:00,occupancy,3,1.0
2025-01-01 16:15:00,temp,1,24.21
2025-01-01 16:15:00,lux,2,493.0
2025-01-01 16:15:00,occupancy,3,1.0
2025-01-01 16:30:00,temp,1,21.36
2025-01-01 16:30:00,lux,2,412.0
2025-01-01 16:30:00,occupancy,3,1.0
2025-01-01 16:45:00,temp,1,24.49
2025-01-01 16:45:00,lux,2,452.0
2025-01-01 16:45:00,occupancy,3,1.0
2025-01-01 17:00:00,temp,1,21.97
2025-01-01 17:00:00,lux,2,345.0
2025-01-01 17:00:00,occupancy,3,1.0
2025-01-01 17:15:00,temp,1,23.97
2025-01-01 17:15:00,lux,2,230.0
2025-01-01 17:15:00,occupancy,3,1.0
2025-01-01 17:30:00,temp,1,25.18
2025-01-01 17:30:00,lux,2,325.0
2025-01-01 17:30:00,occupancy,3,1.0
2025-01-01 17:45:00,temp,1,23.81
2025-01-01 17:45:00,lux,2,385.0
2025-01-01 17:45:00,occupancy,3,1.0
2025-01-01 18:00:00,temp,1,21.54
2025-01-01 18:00:00,lux,2,460.0
2025-01-01 18:00:00,occupancy,3,1.0
2025-01-01 18:15:00,temp,1,21.92
2025-01-01 18:15:00,lux,2,360.0
2025-01-01 18:15:00,occupancy,3,1.0
2025-01-01 18:30:00,temp,1,22.64
2025-01-01 18:30:00,lux,2,225.0
2025-01-01 18:30:00,occupancy,3,1.0
2025-01-01 18:45:00,temp,1,22.46
2025-01-01 18:45:00,lux,2,386.0
2025-01-01 18:45:00,occupancy,3,1.0
2025-01-01 19:00:00,temp,1,23.64
2025-01-01 19:00:00,lux,2,483.0
2025-01-01 19:00:00,occupancy,3,0.0
2025-01-01 19:15:00,temp,1,22.44
2025-01-01 19:15:00,lux,2,279.0
2025-01-01 19:15:00,occupancy,3,1.0
2025-01-01 19:30:00,temp,1,24.98
2025-01-01 19:30:00,lux,2,465.0
2025-01-01 19:30:00,occupancy,3,0.0
2025-01-01 19:45:00,temp,1,23.24
2025-01-01 19:45:00,lux,2,352.0
2025-01-01 19:45:00,occupancy,3,0.0
2025-01-01 20:00:00,temp,1,22.24
2025-01-01 20:00:00,lux,2,290.0
2025-01-01 20:00:00,occupancy,3,0.0
2025-01-01 20:15:00,temp,1,23.98
2025-01-01 20:15:00,lux,2,207.0
2025-01-01 20:15:00,occupancy,3,0.0
2025-01-01 20:30:00,temp,1,23.39
2025-01-01 20:30:00,lux,2,452.0
2025-01-01 20:30:00,occupancy,3,0.0
2025-01-01 20:45:00,temp,1,20.84
2025-01-01 20:45:00,lux,2,314.0
2025-01-01 20:45:00,occupancy,3,0.0
2025-01-01 21:00:00,temp,1,18.0
2025-01-01 21:00:00,lux,2,0.0
2025-01-01 21:00:00,occupancy,3,0.0
2025-01-01 21:15:00,temp,1,18.72
2025-01-01 21:15:00,lux,2,0.0
2025-01-01 21:15:00,occupancy,3,0.0
2025-01-01 21:30:00,temp,1,17.79
2025-01-01 21:30:00,lux,2,0.0
2025-01-01 21:30:00,occupancy,3,0.0
2025-01-01 21:45:00,temp,1,18.0
2025-01-01 21:45:00,lux,2,0.0
2025-01-01 21:45:00,occupancy,3,0.0
2025-01-01 22:00:00,temp,1,19.23
2025-01-01 22:00:00,lux,2,0.0
2025-01-01 22:00:00,occupancy,3,0.0
2025-01-01 22:15:00,temp,1,17.88
2025-01-01 22:15:00,lux,2,0.0
2025-01-01 22:15:00,occupancy,3,0.0
2025-01-01 22:30:00,temp,1,19.62
2025-01-01 22:30:00,lux,2,0.0
2025-01-01 22:30:00,occupancy,3,0.0
2025-01-01 22:45:00,temp,1,17.52
2025-01-01 22:45:00,lux,2,0.0
2025-01-01 22:45:00,occupancy,3,0.0
2025-01-01 23:00:00,temp,1,21.44
2025-01-01 23:00:00,lux,2,0.0
2025-01-01 23:00:00,occupancy,3,0.0
2025-01-01 23:15:00,temp,1,19.68
2025-01-01 23:15:00,lux,2,0.0
2025-01-01 23:15:00,occupancy,3,0.0
2025-01-01 23:30:00,temp,1,18.43
2025-01-01 23:30:00,lux,2,0.0
2025-01-01 23:30:00,occupancy,3,0.0
2025-01-01 23:45:00,temp,1,18.54
2025-01-01 23:45:00,lux,2,0.0
2025-01-01 23:45:00,occupancy,3,0.0
2025-01-02 00:00:00,temp,1,20.57
2025-01-02 00:00:00,lux,2,0.0
2025-01-02 00:00:00,occupancy,3,0.0
2025-01-02 00:15:00,temp,1,18.28
2025-01-02 00:15:00,lux,2,0.0
2025-01-02 00:15:00,occupancy,3,0.0
2025-01-02 00:30:00,temp,1,19.17
2025-01-02 00:30:00,lux,2,0.0
2025-01-02 00:30:00,occupancy,3,0.0
2025-01-02 00:45:00,temp,1,19.38
2025-01-02 00:45:00,lux,2,0.0
2025-01-02 00:45:00,occupancy,3,0.0
2025-01-02 01:00:00,temp,1,18.83
2025-01-02 01:00:00,lux,2,0.0
2025-01-02 01:00:00,occupancy,3,0.0
2025-01-02 01:15:00,temp,1,19.77
2025-01-02 01:15:00,lux,2,0.0
2025-01-02 01:15:00,occupancy,3,0.0
2025-01-02 01:30:00,temp,1,20.86
2025-01-02 01:30:00,lux,2,0.0
2025-01-02 01:30:00,occupancy,3,1.0
2025-01-02 01:45:00,temp,1,19.87
2025-01-02 01:45:00,lux,2,0.0
2025-01-02 01:45:00,occupancy,3,1.0
2025-01-02 02:00:00,temp,1,19.05
2025-01-02 02:00:00,lux,2,0.0
2025-01-02 02:00:00,occupancy,3,0.0
2025-01-02 02:15:00,temp,1,19.13
2025-01-02 02:15:00,lux,2,0.0
2025-01-02 02:15:00,occupancy,3,0.0
2025-01-02 02:30:00,temp,1,20.12
2025-01-02 02:30:00,lux,2,0.0
2025-01-02 02:30:00,occupancy,3,0.0
2025-01-02 02:45:00,temp,1,17.09
2025-01-02 02:45:00,lux,2,0.0
2025-01-02 02:45:00,occupancy,3,0.0
2025-01-02 03:00:00,temp,1,20.0
2025-01-02 03:00:00,lux,2,0.0
2025-01-02 03:00:00,occupancy,3,0.0
2025-01-02 03:15:00,temp,1,18.81
2025-01-02 03:15:00,lux,2,0.0
2025-01-02 03:15:00,occupancy,3,0.0
2025-01-02 03:30:00,temp,1,19.57
2025-01-02 03:30:00,lux,2,0.0
2025-01-02 03:30:00,occupancy,3,0.0
2025-01-02 03:45:00,temp,1,20.39
2025-01-02 03:45:00,lux,2,0.0
2025-01-02 03:45:00,occupancy,3,1.0
2025-01-02 04:00:00,temp,1,19.15
2025-01-02 04:00:00,lux,2,0.0
2025-01-02 04:00:00,occupancy,3,0.0
2025-01-02 04:15:00,temp,1,18.84
2025-01-02 04:15:00,lux,2,0.0
2025-01-02 04:15:00,occupancy,3,1.0
2025-01-02 04:30:00,temp,1,18.41
2025-01-02 04:30:00,lux,2,0.0
2025-01-02 04:30:00,occupancy,3,1.0
2025-01-02 04:45:00,temp,1,18.6
2025-01-02 04:45:00,lux,2,0.0
2025-01-02 04:45:00,occupancy,3,0.0
2025-01-02 05:00:00,temp,1,21.7
2025-01-02 05:00:00,lux,2,0.0
2025-01-02 05:00:00,occupancy,3,0.0
2025-01-02 05:15:00,temp,1,18.65
2025-01-02 05:15:00,lux,2,0.0
2025-01-02 05:15:00,occupancy,3,0.0
2025-01-02 05:30:00,temp,1,20.69
2025-01-02 05:30:00,lux,2,0.0
2025-01-02 05:30:00,occupancy,3,0.0
2025-01-02 05:45:00,temp,1,19.46
2025-01-02 05:45:00,lux,2,0.0
2025-01-02 05:45:00,occupancy,3,0.0
2025-01-02 06:00:00,temp,1,17.72
2025-01-02 06:00:00,lux,2,320.0
2025-01-02 06:00:00,occupancy,3,0.0
2025-01-02 06:15:00,temp,1,18.45
2025-01-02 06:15:00,lux,2,397.0
2025-01-02 06:15:00,occupancy,3,0.0
2025-01-02 06:30:00,temp,1,19.26
2025-01-02 06:30:00,lux,2,202.0
2025-01-02 06:30:00,occupancy,3,1.0
2025-01-02 06:45:00,temp,1,19.35
2025-01-02 06:45:00,lux,2,239.0
2025-01-02 06:45:00,occupancy,3,1.0
2025-01-02 07:00:00,temp,1,20.02
2025-01-02 07:00:00,lux,2,468.0
2025-01-02 07:00:00,occupancy,3,0.0
2025-01-02 07:15:00,temp,1,19.18
2025-01-02 07:15:00,lux,2,260.0
2025-01-02 07:15:00,occupancy,3,0.0
2025-01-02 07:30:00,temp,1,18.79
2025-01-02 07:30:00,lux,2,411.0
2025-01-02 07:30:00,occupancy,3,0.0
2025-01-02 07:45:00,temp,1,22.04
2025-01-02 07:45:00,lux,2,335.0
2025-01-02 07:45:00,occupancy,3,0.0
2025-01-02 08:00:00,temp,1,23.38
2025-01-02 08:00:00,lux,2,426.0
2025-01-02 08:00:00,occupancy,3,0.0
2025-01-02 08:15:00,temp,1,22.89
2025-01-02 08:15:00,lux,2,278.0
2025-01-02 08:15:00,occupancy,3,0.0
2025-01-02 08:30:00,temp,1,24.33
2025-01-02 08:30:00,lux,2,382.0
2025-01-02 08:30:00,occupancy,3,0.0
2025-01-02 08:45:00,temp,1,22.69
2025-01-02 08:45:00,lux,2,285.0
2025-01-02 08:45:00,occupancy,3,0.0
2025-01-02 09:00:00,temp,1,22.33
2025-01-02 09:00:00,lux,2,259.0
2025-01-02 09:00:00,occupancy,3,1.0
2025-01-02 09:15:00,temp,1,22.54
2025-01-02 09:15:00,lux,2,381.0
2025-01-02 09:15:00,occupancy,3,1.0
2025-01-02 09:30:00,temp,1,23.13
2025-01-02 09:30:00,lux,2,383.0
2025-01-02 09:30:00,occupancy,3,1.0
2025-01-02 09:45:00,temp,1,22.61
2025-01-02 09:45:00,lux,2,204.0
2025-01-02 09:45:00,occupancy,3,1.0
2025-01-02 10:00:00,temp,1,22.46
2025-01-02 10:00:00,lux,2,372.0
2025-01-02 10:00:00,occupancy,3,1.0
2025-01-02 10:15:00,temp,1,22.3
2025-01-02 10:15:00,lux,2,405.0
2025-01-02 10:15:00,occupancy,3,1.0
2025-01-02 10:30:00,temp,1,22.09
2025-01-02 10:30:00,lux,2,365.0
2025-01-02 10:30:00,occupancy,3,1.0
2025-01-02 10:45:00,temp,1,23.19
2025-01-02 10:45:00,lux,2,334.0
2025-01-02 10:45:00,occupancy,3,1.0
2025-01-02 11:00:00,temp,1,23.33
2025-01-02 11:00:00,lux,2,229.0
2025-01-02 11:00:00,occupancy,3,1.0
2025-01-02 11:15:00,temp,1,22.36
2025-01-02 11:15:00,lux,2,292.0
2025-01-02 11:15:00,occupancy,3,1.0
2025-01-02 11:30:00,temp,1,22.1
2025-01-02 11:30:00,lux,2,471.0
2025-01-02 11:30:00,occupancy,3,1.0
2025-01-02 11:45:00,temp,1,23.66
2025-01-02 11:45:00,lux,2,469.0
2025-01-02 11:45:00,occupancy,3,1.0
2025-01-02 12:00:00,temp,1,23.78
2025-01-02 12:00:00,lux,2,439.0
2025-01-02 12:00:00,occupancy,3,1.0
2025-01-02 12:15:00,temp,1,22.44
2025-01-02 12:15:00,lux,2,259.0
2025-01-02 12:15:00,occupancy,3,1.0
2025-01-02 12:30:00,temp,1,23.12
2025-01-02 12:30:00,lux,2,411.0
2025-01-02 12:30:00,occupancy,3,1.0
2025-01-02 12:45:00,temp,1,23.49
2025-01-02 12:45:00,lux,2,360.0
2025-01-02 12:45:00,occupancy,3,1.0
2025-01-02 13:00:00,temp,1,22.11
2025-01-02 13:00:00,lux,2,223.0
2025-01-02 13:00:00,occupancy,3,1.0
2025-01-02 13:15:00,temp,1,23.48
2025-01-02 13:15:00,lux,2,466.0
2025-01-02 13:15:00,occupancy,3,1.0
2025-01-02 13:30:00,temp,1,21.63
2025-01-02 13:30:00,lux,2,495.0
2025-01-02 13:30:00,occupancy,3,1.0
2025-01-02 13:45:00,temp,1,21.9
2025-01-02 13:45:00,lux,2,205.0
2025-01-02 13:45:00,occupancy,3,1.0
2025-01-02 14:00:00,temp,1,22.67
2025-01-02 14:00:00,lux,2,322.0
2025-01-02 14:00:00,occupancy,3,1.0
2025-01-02 14:15:00,temp,1,23.73
2025-01-02 14:15:00,lux,2,265.0
2025-01-02 14:15:00,occupancy,3,1.0
2025-01-02 14:30:00,temp,1,23.35
2025-01-02 14:30:00,lux,2,374.0
2025-01-02 14:30:00,occupancy,3,1.0
2025-01-02 14:45:00,temp,1,24.78
2025-01-02 14:45:00,lux,2,322.0
2025-01-02 14:45:00,occupancy,3,1.0
2025-01-02 15:00:00,temp,1,23.89
2025-01-02 15:00:00,lux,2,449.0
2025-01-02 15:00:00,occupancy,3,1.0
2025-01-02 15:15:00,temp,1,25.5
2025-01-02 15:15:00,lux,2,206.0
2025-01-02 15:15:00,occupancy,3,1.0
2025-01-02 15:30:00,temp,1,24.13
2025-01-02 15:30:00,lux,2,451.0
2025-01-02 15:30:00,occupancy,3,1.0
2025-01-02 15:45:00,temp,1,21.63
2025-01-02 15:45:00,lux,2,221.0
2025-01-02 15:45:00,occupancy,3,1.0
2025-01-02 16:00:00,temp,1,22.16
2025-01-02 16:00:00,lux,2,441.0
2025-01-02 16:00:00,occupancy,3,1.0
2025-01-02 16:15:00,temp,1,22.51
2025-01-02 16:15:00,lux,2,417.0
2025-01-02 16:15:00,occupancy,3,1.0
2025-01-02 16:30:00,temp,1,24.58
2025-01-02 16:30:00,lux,2,344.0
2025-01-02 16:30:00,occupancy,3,1.0
2025-01-02 16:45:00,temp,1,24.14
2025-01-02 16:45:00,lux,2,496.0
2025-01-02 16:45:00,occupancy,3,1.0
2025-01-02 17:00:00,temp,1,24.24
2025-01-02 17:00:00,lux,2,407.0
2025-01-02 17:00:00,occupancy,3,1.0
2025-01-02 17:15:00,temp,1,22.66
2025-01-02 17:15:00,lux,2,208.0
2025-01-02 17:15:00,occupancy,3,1.0
2025-01-02 17:30:00,temp,1,23.72
2025-01-02 17:30:00,lux,2,230.0
2025-01-02 17:30:00,occupancy,3,1.0
2025-01-02 17:45:00,temp,1,24.69
2025-01-02 17:45:00,lux,2,217.0
2025-01-02 17:45:00,occupancy,3,1.0
2025-01-02 18:00:00,temp,1,23.95
2025-01-02 18:00:00,lux,2,210.0
2025-01-02 18:00:00,occupancy,3,1.0
2025-01-02 18:15:00,temp,1,22.04
2025-01-02 18:15:00,lux,2,360.0
2025-01-02 18:15:00,occupancy,3,1.0
2025-01-02 18:30:00,temp,1,24.45
2025-01-02 18:30:00,lux,2,381.0
2025-01-02 18:30:00,occupancy,3,1.0
2025-01-02 18:45:00,temp,1,25.01
2025-01-02 18:45:00,lux,2,313.0
2025-01-02 18:45:00,occupancy,3,1.0
2025-01-02 19:00:00,temp,1,23.31
2025-01-02 19:00:00,lux,2,231.0
2025-01-02 19:00:00,occupancy,3,1.0
2025-01-02 19:15:00,temp,1,23.87
2025-01-02 19:15:00,lux,2,342.0
2025-01-02 19:15:00,occupancy,3,0.0
2025-01-02 19:30:00,temp,1,25.25
2025-01-02 19:30:00,lux,2,455.0
2025-01-02 19:30:00,occupancy,3,1.0
2025-01-02 19:45:00,temp,1,23.1
2025-01-02 19:45:00,lux,2,221.0
2025-01-02 19:45:00,occupancy,3,0.0
2025-01-02 20:00:00,temp,1,23.96
2025-01-02 20:00:00,lux,2,405.0
2025-01-02 20:00:00,occupancy,3,0.0
2025-01-02 20:15:00,temp,1,23.75
2025-01-02 20:15:00,lux,2,484.0
2025-01-02 20:15:00,occupancy,3,0.0
2025-01-02 20:30:00,temp,1,21.68
2025-01-02 20:30:00,lux,2,249.0
2025-01-02 20:30:00,occupancy,3,0.0
2025-01-02 20:45:00,temp,1,23.56
2025-01-02 20:45:00,lux,2,363.0
2025-01-02 20:45:00,occupancy,3,0.0
2025-01-02 21:00:00,temp,1,18.62
2025-01-02 21:00:00,lux,2,0.0
2025-01-02 21:00:00,occupancy,3,0.0
2025-01-02 21:15:00,temp,1,20.46
2025-01-02 21:15:00,lux,2,0.0
2025-01-02 21:15:00,occupancy,3,0.0
2025-01-02 21:30:00,temp,1,18.09
2025-01-02 21:30:00,lux,2,0.0
2025-01-02 21:30:00,occupancy,3,0.0
2025-01-02 21:45:00,temp,1,18.01
2025-01-02 21:45:00,lux,2,0.0
2025-01-02 21:45:00,occupancy,3,1.0
2025-01-02 22:00:00,temp,1,18.44
2025-01-02 22:00:00,lux,2,0.0
2025-01-02 22:00:00,occupancy,3,0.0
2025-01-02 22:15:00,temp,1,18.7
2025-01-02 22:15:00,lux,2,0.0
2025-01-02 22:15:00,occupancy,3,0.0
2025-01-02 22:30:00,temp,1,17.73
2025-01-02 22:30:00,lux,2,0.0
2025-01-02 22:30:00,occupancy,3,1.0
2025-01-02 22:45:00,temp,1,19.8
2025-01-02 22:45:00,lux,2,0.0
2025-01-02 22:45:00,occupancy,3,0.0
2025-01-02 23:00:00,temp,1,20.15
2025-01-02 23:00:00,lux,2,0.0
2025-01-02 23:00:00,occupancy,3,0.0
2025-01-02 23:15:00,temp,1,18.25
2025-01-02 23:15:00,lux,2,0.0
2025-01-02 23:15:00,occupancy,3,0.0
2025-01-02 23:30:00,temp,1,19.56
2025-01-02 23:30:00,lux,2,0.0
2025-01-02 23:30:00,occupancy,3,0.0
2025-01-02 23:45:00,temp,1,18.35
2025-01-02 23:45:00,lux,2,0.0
2025-01-02 23:45:00,occupancy,3,0.0
2025-01-03 00:00:00,temp,1,19.41
2025-01-03 00:00:00,lux,2,0.0
2025-01-03 00:00:00,occupancy,3,0.0
2025-01-03 00:15:00,temp,1,19.3
2025-01-03 00:15:00,lux,2,0.0
2025-01-03 00:15:00,occupancy,3,0.0
2025-01-03 00:30:00,temp,1,18.91
2025-01-03 00:30:00,lux,2,0.0
2025-01-03 00:30:00,occupancy,3,0.0
2025-01-03 00:45:00,temp,1,19.02
2025-01-03 00:45:00,lux,2,0.0
2025-01-03 00:45:00,occupancy,3,0.0
2025-01-03 01:00:00,temp,1,18.37
2025-01-03 01:00:00,lux,2,0.0
2025-01-03 01:00:00,occupancy,3,0.0
2025-01-03 01:15:00,temp,1,20.28
2025-01-03 01:15:00,lux,2,0.0
2025-01-03 01:15:00,occupancy,3,0.0
2025-01-03 01:30:00,temp,1,18.45
2025-01-03 01:30:00,lux,2,0.0
2025-01-03 01:30:00,occupancy,3,0.0
2025-01-03 01:45:00,temp,1,17.89
2025-01-03 01:45:00,lux,2,0.0
2025-01-03 01:45:00,occupancy,3,0.0
2025-01-03 02:00:00,temp,1,18.39
2025-01-03 02:00:00,lux,2,0.0
2025-01-03 02:00:00,occupancy,3,0.0
2025-01-03 02:15:00,temp,1,18.54
2025-01-03 02:15:00,lux,2,0.0
2025-01-03 02:15:00,occupancy,3,1.0
2025-01-03 02:30:00,temp,1,19.86
2025-01-03 02:30:00,lux,2,0.0
2025-01-03 02:30:00,occupancy,3,0.0
2025-01-03 02:45:00,temp,1,18.5
2025-01-03 02:45:00,lux,2,0.0
2025-01-03 02:45:00,occupancy,3,0.0
2025-01-03 03:00:00,temp,1,20.11
2025-01-03 03:00:00,lux,2,0.0
2025-01-03 03:00:00,occupancy,3,0.0
2025-01-03 03:15:00,temp,1,18.83
2025-01-03 03:15:00,lux,2,0.0
2025-01-03 03:15:00,occupancy,3,0.0
2025-01-03 03:30:00,temp,1,20.2
2025-01-03 03:30:00,lux,2,0.0
2025-01-03 03:30:00,occupancy,3,0.0
2025-01-03 03:45:00,temp,1,20.59
2025-01-03 03:45:00,lux,2,0.0
2025-01-03 03:45:00,occupancy,3,0.0
2025-01-03 04:00:00,temp,1,18.21
2025-01-03 04:00:00,lux,2,0.0
2025-01-03 04:00:00,occupancy,3,0.0
2025-01-03 04:15:00,temp,1,19.38
2025-01-03 04:15:00,lux,2,0.0
2025-01-03 04:15:00,occupancy,3,0.0
2025-01-03 04:30:00,temp,1,19.54
2025-01-03 04:30:00,lux,2,0.0
2025-01-03 04:30:00,occupancy,3,0.0
2025-01-03 04:45:00,temp,1,17.56
2025-01-03 04:45:00,lux,2,0.0
2025-01-03 04:45:00,occupancy,3,0.0
2025-01-03 05:00:00,temp,1,19.11
2025-01-03 05:00:00,lux,2,0.0
2025-01-03 05:00:00,occupancy,3,0.0
2025-01-03 05:15:00,temp,1,19.47
2025-01-03 05:15:00,lux,2,0.0
2025-01-03 05:15:00,occupancy,3,0.0
2025-01-03 05:30:00,temp,1,18.63
2025-01-03 05:30:00,lux,2,0.0
2025-01-03 05:30:00,occupancy,3,0.0
2025-01-03 05:45:00,temp,1,20.69
2025-01-03 05:45:00,lux,2,0.0
2025-01-03 05:45:00,occupancy,3,0.0
2025-01-03 06:00:00,temp,1,20.8
2025-01-03 06:00:00,lux,2,298.0
2025-01-03 06:00:00,occupancy,3,0.0
2025-01-03 06:15:00,temp,1,19.44
2025-01-03 06:15:00,lux,2,227.0
2025-01-03 06:15:00,occupancy,3,0.0
2025-01-03 06:30:00,temp,1,19.15
2025-01-03 06:30:00,lux,2,493.0
2025-01-03 06:30:00,occupancy,3,0.0
2025-01-03 06:45:00,temp,1,21.02
2025-01-03 06:45:00,lux,2,299.0
2025-01-03 06:45:00,occupancy,3,0.0
2025-01-03 07:00:00,temp,1,19.9
2025-01-03 07:00:00,lux,2,343.0
2025-01-03 07:00:00,occupancy,3,0.0
2025-01-03 07:15:00,temp,1,17.74
2025-01-03 07:15:00,lux,2,258.0
2025-01-03 07:15:00,occupancy,3,0.0
2025-01-03 07:30:00,temp,1,18.01
2025-01-03 07:30:00,lux,2,318.0
2025-01-03 07:30:00,occupancy,3,0.0
2025-01-03 07:45:00,temp,1,19.79
2025-01-03 07:45:00,lux,2,467.0
2025-01-03 07:45:00,occupancy,3,0.0
2025-01-03 08:00:00,temp,1,23.45
2025-01-03 08:00:00,lux,2,489.0
2025-01-03 08:00:00,occupancy,3,0.0
2025-01-03 08:15:00,temp,1,23.58
2025-01-03 08:15:00,lux,2,452.0
2025-01-03 08:15:00,occupancy,3,0.0
2025-01-03 08:30:00,temp,1,24.63
2025-01-03 08:30:00,lux,2,351.0
2025-01-03 08:30:00,occupancy,3,0.0
2025-01-03 08:45:00,temp,1,24.37
2025-01-03 08:45:00,lux,2,468.0
2025-01-03 08:45:00,occupancy,3,1.0
2025-01-03 09:00:00,temp,1,22.0
2025-01-03 09:00:00,lux,2,488.0
2025-01-03 09:00:00,occupancy,3,1.0
2025-01-03 09:15:00,temp,1,23.7
2025-01-03 09:15:00,lux,2,237.0
2025-01-03 09:15:00,occupancy,3,1.0
2025-01-03 09:30:00,temp,1,22.68
2025-01-03 09:30:00,lux,2,206.0
2025-01-03 09:30:00,occupancy,3,1.0
2025-01-03 09:45:00,temp,1,23.28
2025-01-03 09:45:00,lux,2,456.0
2025-01-03 09:45:00,occupancy,3,1.0
2025-01-03 10:00:00,temp,1,23.29
2025-01-03 10:00:00,lux,2,411.0
2025-01-03 10:00:00,occupancy,3,1.0
2025-01-03 10:15:00,temp,1,21.6
2025-01-03 10:15:00,lux,2,239.0
2025-01-03 10:15:00,occupancy,3,1.0
2025-01-03 10:30:00,temp,1,22.2
2025-01-03 10:30:00,lux,2,442.0
2025-01-03 10:30:00,occupancy,3,1.0
2025-01-03 10:45:00,temp,1,23.09
2025-01-03 10:45:00,lux,2,394.0
2025-01-03 10:45:00,occupancy,3,1.0
2025-01-03 11:00:00,temp,1,22.51
2025-01-03 11:00:00,lux,2,349.0
2025-01-03 11:00:00,occupancy,3,1.0
2025-01-03 11:15:00,temp,1,23.92
2025-01-03 11:15:00,lux,2,292.0
2025-01-03 11:15:00,occupancy,3,1.0
2025-01-03 11:30:00,temp,1,22.86
2025-01-03 11:30:00,lux,2,282.0
2025-01-03 11:30:00,occupancy,3,1.0
2025-01-03 11:45:00,temp,1,22.13
2025-01-03 11:45:00,lux,2,260.0
2025-01-03 11:45:00,occupancy,3,1.0
2025-01-03 12:00:00,temp,1,22.9
2025-01-03 12:00:00,lux,2,445.0
2025-01-03 12:00:00,occupancy,3,1.0
2025-01-03 12:15:00,temp,1,23.56
2025-01-03 12:15:00,lux,2,437.0
2025-01-03 12:15:00,occupancy,3,1.0
2025-01-03 12:30:00,temp,1,25.07
2025-01-03 12:30:00,lux,2,264.0
2025-01-03 12:30:00,occupancy,3,1.0
2025-01-03 12:45:00,temp,1,21.43
2025-01-03 12:45:00,lux,2,207.0
2025-01-03 12:45:00,occupancy,3,1.0
2025-01-03 13:00:00,temp,1,23.85
2025-01-03 13:00:00,lux,2,479.0
2025-01-03 13:00:00,occupancy,3,1.0
2025-01-03 13:15:00,temp,1,22.88
2025-01-03 13:15:00,lux,2,355.0
2025-01-03 13:15:00,occupancy,3,1.0
2025-01-03 13:30:00,temp,1,21.64
2025-01-03 13:30:00,lux,2,460.0
2025-01-03 13:30:00,occupancy,3,1.0
2025-01-03 13:45:00,temp,1,21.97
2025-01-03 13:45:00,lux,2,431.0
2025-01-03 13:45:00,occupancy,3,1.0
2025-01-03 14:00:00,temp,1,23.35
2025-01-03 14:00:00,lux,2,279.0
2025-01-03 14:00:00,occupancy,3,1.0
2025-01-03 14:15:00,temp,1,22.88
2025-01-03 14:15:00,lux,2,397.0
2025-01-03 14:15:00,occupancy,3,1.0
2025-01-03 14:30:00,temp,1,23.25
2025-01-03 14:30:00,lux,2,422.0
2025-01-03 14:30:00,occupancy,3,1.0
2025-01-03 14:45:00,temp,1,24.08
2025-01-03 14:45:00,lux,2,272.0
2025-01-03 14:45:00,occupancy,3,1.0
2025-01-03 15:00:00,temp,1,23.16
2025-01-03 15:00:00,lux,2,452.0
2025-01-03 15:00:00,occupancy,3,1.0
2025-01-03 15:15:00,temp,1,22.15
2025-01-03 15:15:00,lux,2,334.0
2025-01-03 15:15:00,occupancy,3,1.0
2025-01-03 15:30:00,temp,1,21.75
2025-01-03 15:30:00,lux,2,225.0
2025-01-03 15:30:00,occupancy,3,1.0
2025-01-03 15:45:00,temp,1,22.42
2025-01-03 15:45:00,lux,2,259.0
2025-01-03 15:45:00,occupancy,3,1.0
2025-01-03 16:00:00,temp,1,22.47
2025-01-03 16:00:00,lux,2,371.0
2025-01-03 16:00:00,occupancy,3,1.0
2025-01-03 16:15:00,temp,1,23.39
2025-01-03 16:15:00,lux,2,342.0
2025-01-03 16:15:00,occupancy,3,1.0
2025-01-03 16:30:00,temp,1,21.45
2025-01-03 16:30:00,lux,2,432.0
2025-01-03 16:30:00,occupancy,3,1.0
2025-01-03 16:45:00,temp,1,24.38
2025-01-03 16:45:00,lux,2,421.0
2025-01-03 16:45:00,occupancy,3,1.0
2025-01-03 17:00:00,temp,1,23.56
2025-01-03 17:00:00,lux,2,341.0
2025-01-03 17:00:00,occupancy,3,1.0
2025-01-03 17:15:00,temp,1,23.47
2025-01-03 17:15:00,lux,2,410.0
2025-01-03 17:15:00,occupancy,3,1.0
2025-01-03 17:30:00,temp,1,22.42
2025-01-03 17:30:00,lux,2,450.0
2025-01-03 17:30:00,occupancy,3,1.0
2025-01-03 17:45:00,temp,1,25.02
2025-01-03 17:45:00,lux,2,373.0
2025-01-03 17:45:00,occupancy,3,1.0
2025-01-03 18:00:00,temp,1,23.47
2025-01-03 18:00:00,lux,2,222.0
2025-01-03 18:00:00,occupancy,3,1.0
2025-01-03 18:15:00,temp,1,22.49
2025-01-03 18:15:00,lux,2,341.0
2025-01-03 18:15:00,occupancy,3,1.0
2025-01-03 18:30:00,temp,1,22.59
2025-01-03 18:30:00,lux,2,309.0
2025-01-03 18:30:00,occupancy,3,1.0
2025-01-03 18:45:00,temp,1,21.65
2025-01-03 18:45:00,lux,2,484.0
2025-01-03 18:45:00,occupancy,3,1.0
2025-01-03 19:00:00,temp,1,22.82
2025-01-03 19:00:00,lux,2,382.0
2025-01-03 19:00:00,occupancy,3,1.0
2025-01-03 19:15:00,temp,1,23.63
2025-01-03 19:15:00,lux,2,317.0
2025-01-03 19:15:00,occupancy,3,0.0
2025-01-03 19:30:00,temp,1,25.79
2025-01-03 19:30:00,lux,2,230.0
2025-01-03 19:30:00,occupancy,3,0.0
2025-01-03 19:45:00,temp,1,20.69
2025-01-03 19:45:00,lux,2,293.0
2025-01-03 19:45:00,occupancy,3,0.0
2025-01-03 20:00:00,temp,1,23.52
2025-01-03 20:00:00,lux,2,473.0
2025-01-03 20:00:00,occupancy,3,0.0
2025-01-03 20:15:00,temp,1,22.97
2025-01-03 20:15:00,lux,2,202.0
2025-01-03 20:15:00,occupancy,3,0.0
2025-01-03 20:30:00,temp,1,22.47
2025-01-03 20:30:00,lux,2,482.0
2025-01-03 20:30:00,occupancy,3,0.0
2025-01-03 20:45:00,temp,1,22.85
2025-01-03 20:45:00,lux,2,241.0
2025-01-03 20:45:00,occupancy,3,1.0
2025-01-03 21:00:00,temp,1,21.02
2025-01-03 21:00:00,lux,2,0.0
2025-01-03 21:00:00,occupancy,3,0.0
2025-01-03 21:15:00,temp,1,18.55
2025-01-03 21:15:00,lux,2,0.0
2025-01-03 21:15:00,occupancy,3,0.0
2025-01-03 21:30:00,temp,1,18.07
2025-01-03 21:30:00,lux,2,0.0
2025-01-03 21:30:00,occupancy,3,0.0
2025-01-03 21:45:00,temp,1,19.17
2025-01-03 21:45:00,lux,2,0.0
2025-01-03 21:45:00,occupancy,3,0.0
2025-01-03 22:00:00,temp,1,19.18
2025-01-03 22:00:00,lux,2,0.0
2025-01-03 22:00:00,occupancy,3,0.0
2025-01-03 22:15:00,temp,1,20.56
2025-01-03 22:15:00,lux,2,0.0
2025-01-03 22:15:00,occupancy,3,0.0
2025-01-03 22:30:00,temp,1,18.69
2025-01-03 22:30:00,lux,2,0.0
2025-01-03 22:30:00,occupancy,3,0.0
2025-01-03 22:45:00,temp,1,20.43
2025-01-03 22:45:00,lux,2,0.0
2025-01-03 22:45:00,occupancy,3,1.0
2025-01-03 23:00:00,temp,1,20.39
2025-01-03 23:00:00,lux,2,0.0
2025-01-03 23:00:00,occupancy,3,0.0
2025-01-03 23:15:00,temp,1,18.44
2025-01-03 23:15:00,lux,2,0.0
2025-01-03 23:15:00,occupancy,3,0.0
2025-01-03 23:30:00,temp,1,17.53
2025-01-03 23:30:00,lux,2,0.0
2025-01-03 23:30:00,occupancy,3,1.0
2025-01-03 23:45:00,temp,1,18.54
2025-01-03 23:45:00,lux,2,0.0
2025-01-03 23:45:00,occupancy,3,0.0
2025-01-04 00:00:00,temp,1,17.0
2025-01-04 00:00:00,lux,2,0.0
2025-01-04 00:00:00,occupancy,3,0.0
2025-01-04 00:15:00,temp,1,19.38
2025-01-04 00:15:00,lux,2,0.0
2025-01-04 00:15:00,occupancy,3,0.0
2025-01-04 00:30:00,temp,1,18.45
2025-01-04 00:30:00,lux,2,0.0
2025-01-04 00:30:00,occupancy,3,1.0
2025-01-04 00:45:00,temp,1,20.38
2025-01-04 00:45:00,lux,2,0.0
2025-01-04 00:45:00,occupancy,3,0.0
2025-01-04 01:00:00,temp,1,20.39
2025-01-04 01:00:00,lux,2,0.0
2025-01-04 01:00:00,occupancy,3,0.0
2025-01-04 01:15:00,temp,1,18.83
2025-01-04 01:15:00,lux,2,0.0
2025-01-04 01:15:00,occupancy,3,1.0
2025-01-04 01:30:00,temp,1,19.08
2025-01-04 01:30:00,lux,2,0.0
2025-01-04 01:30:00,occupancy,3,0.0
2025-01-04 01:45:00,temp,1,19.71
2025-01-04 01:45:00,lux,2,0.0
2025-01-04 01:45:00,occupancy,3,0.0
2025-01-04 02:00:00,temp,1,18.75
2025-01-04 02:00:00,lux,2,0.0
2025-01-04 02:00:00,occupancy,3,0.0
2025-01-04 02:15:00,temp,1,18.37
2025-01-04 02:15:00,lux,2,0.0
2025-01-04 02:15:00,occupancy,3,0.0
2025-01-04 02:30:00,temp,1,17.78
2025-01-04 02:30:00,lux,2,0.0
2025-01-04 02:30:00,occupancy,3,0.0
2025-01-04 02:45:00,temp,1,18.28
2025-01-04 02:45:00,lux,2,0.0
2025-01-04 02:45:00,occupancy,3,0.0
2025-01-04 03:00:00,temp,1,18.73
2025-01-04 03:00:00,lux,2,0.0
2025-01-04 03:00:00,occupancy,3,0.0
2025-01-04 03:15:00,temp,1,19.68
2025-01-04 03:15:00,lux,2,0.0
2025-01-04 03:15:00,occupancy,3,0.0
2025-01-04 03:30:00,temp,1,18.87
2025-01-04 03:30:00,lux,2,0.0
2025-01-04 03:30:00,occupancy,3,0.0
2025-01-04 03:45:00,temp,1,17.88
2025-01-04 03:45:00,lux,2,0.0
2025-01-04 03:45:00,occupancy,3,0.0
2025-01-04 04:00:00,temp,1,18.12
2025-01-04 04:00:00,lux,2,0.0
2025-01-04 04:00:00,occupancy,3,0.0
2025-01-04 04:15:00,temp,1,20.26
2025-01-04 04:15:00,lux,2,0.0
2025-01-04 04:15:00,occupancy,3,0.0
2025-01-04 04:30:00,temp,1,18.86
2025-01-04 04:30:00,lux,2,0.0
2025-01-04 04:30:00,occupancy,3,0.0
2025-01-04 04:45:00,temp,1,19.53
2025-01-04 04:45:00,lux,2,0.0
2025-01-04 04:45:00,occupancy,3,0.0
2025-01-04 05:00:00,temp,1,18.66
2025-01-04 05:00:00,lux,2,0.0
2025-01-04 05:00:00,occupancy,3,0.0
2025-01-04 05:15:00,temp,1,21.34
2025-01-04 05:15:00,lux,2,0.0
2025-01-04 05:15:00,occupancy,3,1.0
2025-01-04 05:30:00,temp,1,19.89
2025-01-04 05:30:00,lux,2,0.0
2025-01-04 05:30:00,occupancy,3,0.0
2025-01-04 05:45:00,temp,1,19.2
2025-01-04 05:45:00,lux,2,0.0
2025-01-04 05:45:00,occupancy,3,0.0
2025-01-04 06:00:00,temp,1,17.86
2025-01-04 06:00:00,lux,2,468.0
2025-01-04 06:00:00,occupancy,3,0.0
2025-01-04 06:15:00,temp,1,17.56
2025-01-04 06:15:00,lux,2,323.0
2025-01-04 06:15:00,occupancy,3,0.0
2025-01-04 06:30:00,temp,1,18.96
2025-01-04 06:30:00,lux,2,266.0
2025-01-04 06:30:00,occupancy,3,0.0
2025-01-04 06:45:00,temp,1,17.55
2025-01-04 06:45:00,lux,2,376.0
2025-01-04 06:45:00,occupancy,3,0.0
2025-01-04 07:00:00,temp,1,18.2
2025-01-04 07:00:00,lux,2,417.0
2025-01-04 07:00:00,occupancy,3,0.0
2025-01-04 07:15:00,temp,1,19.39
2025-01-04 07:15:00,lux,2,421.0
2025-01-04 07:15:00,occupancy,3,0.0
2025-01-04 07:30:00,temp,1,17.61
2025-01-04 07:30:00,lux,2,339.0
2025-01-04 07:30:00,occupancy,3,0.0
2025-01-04 07:45:00,temp,1,19.51
2025-01-04 07:45:00,lux,2,477.0
2025-01-04 07:45:00,occupancy,3,0.0
2025-01-04 08:00:00,temp,1,22.99
2025-01-04 08:00:00,lux,2,311.0
2025-01-04 08:00:00,occupancy,3,1.0
2025-01-04 08:15:00,temp,1,22.25
2025-01-04 08:15:00,lux,2,219.0
2025-01-04 08:15:00,occupancy,3,0.0
2025-01-04 08:30:00,temp,1,21.12
2025-01-04 08:30:00,lux,2,287.0
2025-01-04 08:30:00,occupancy,3,0.0
2025-01-04 08:45:00,temp,1,22.94
2025-01-04 08:45:00,lux,2,218.0
2025-01-04 08:45:00,occupancy,3,1.0
2025-01-04 09:00:00,temp,1,22.63
2025-01-04 09:00:00,lux,2,360.0
2025-01-04 09:00:00,occupancy,3,0.0
2025-01-04 09:15:00,temp,1,23.02
2025-01-04 09:15:00,lux,2,309.0
2025-01-04 09:15:00,occupancy,3,0.0
2025-01-04 09:30:00,temp,1,23.86
2025-01-04 09:30:00,lux,2,214.0
2025-01-04 09:30:00,occupancy,3,0.0
2025-01-04 09:45:00,temp,1,23.67
2025-01-04 09:45:00,lux,2,368.0
2025-01-04 09:45:00,occupancy,3,1.0
2025-01-04 10:00:00,temp,1,22.62
2025-01-04 10:00:00,lux,2,301.0
2025-01-04 10:00:00,occupancy,3,0.0
2025-01-04 10:15:00,temp,1,22.09
2025-01-04 10:15:00,lux,2,279.0
2025-01-04 10:15:00,occupancy,3,0.0
2025-01-04 10:30:00,temp,1,24.6
2025-01-04 10:30:00,lux,2,392.0
2025-01-04 10:30:00,occupancy,3,0.0
2025-01-04 10:45:00,temp,1,23.5
2025-01-04 10:45:00,lux,2,312.0
2025-01-04 10:45:00,occupancy,3,0.0
2025-01-04 11:00:00,temp,1,24.04
2025-01-04 11:00:00,lux,2,458.0
2025-01-04 11:00:00,occupancy,3,0.0
2025-01-04 11:15:00,temp,1,22.22
2025-01-04 11:15:00,lux,2,377.0
2025-01-04 11:15:00,occupancy,3,0.0
2025-01-04 11:30:00,temp,1,22.57
2025-01-04 11:30:00,lux,2,464.0
2025-01-04 11:30:00,occupancy,3,0.0
2025-01-04 11:45:00,temp,1,21.69
2025-01-04 11:45:00,lux,2,347.0
2025-01-04 11:45:00,occupancy,3,0.0
2025-01-04 12:00:00,temp,1,23.53
2025-01-04 12:00:00,lux,2,228.0
2025-01-04 12:00:00,occupancy,3,0.0
2025-01-04 12:15:00,temp,1,22.49
2025-01-04 12:15:00,lux,2,318.0
2025-01-04 12:15:00,occupancy,3,0.0
2025-01-04 12:30:00,temp,1,24.72
2025-01-04 12:30:00,lux,2,409.0
2025-01-04 12:30:00,occupancy,3,0.0
2025-01-04 12:45:00,temp,1,23.55
2025-01-04 12:45:00,lux,2,464.0
2025-01-04 12:45:00,occupancy,3,0.0
2025-01-04 13:00:00,temp,1,23.32
2025-01-04 13:00:00,lux,2,435.0
2025-01-04 13:00:00,occupancy,3,0.0
2025-01-04 13:15:00,temp,1,23.7
2025-01-04 13:15:00,lux,2,251.0
2025-01-04 13:15:00,occupancy,3,0.0
2025-01-04 13:30:00,temp,1,23.14
2025-01-04 13:30:00,lux,2,411.0
2025-01-04 13:30:00,occupancy,3,0.0
2025-01-04 13:45:00,temp,1,22.64
2025-01-04 13:45:00,lux,2,328.0
2025-01-04 13:45:00,occupancy,3,0.0
2025-01-04 14:00:00,temp,1,22.73
2025-01-04 14:00:00,lux,2,403.0
2025-01-04 14:00:00,occupancy,3,0.0
2025-01-04 14:15:00,temp,1,22.62
2025-01-04 14:15:00,lux,2,325.0
2025-01-04 14:15:00,occupancy,3,1.0
2025-01-04 14:30:00,temp,1,22.54
2025-01-04 14:30:00,lux,2,371.0
2025-01-04 14:30:00,occupancy,3,0.0
2025-01-04 14:45:00,temp,1,23.22
2025-01-04 14:45:00,lux,2,265.0
2025-01-04 14:45:00,occupancy,3,0.0
2025-01-04 15:00:00,temp,1,22.28
2025-01-04 15:00:00,lux,2,280.0
2025-01-04 15:00:00,occupancy,3,0.0
2025-01-04 15:15:00,temp,1,24.0
2025-01-04 15:15:00,lux,2,430.0
2025-01-04 15:15:00,occupancy,3,0.0
2025-01-04 15:30:00,temp,1,23.36
2025-01-04 15:30:00,lux,2,358.0
2025-01-04 15:30:00,occupancy,3,0.0
2025-01-04 15:45:00,temp,1,22.8
2025-01-04 15:45:00,lux,2,350.0
2025-01-04 15:45:00,occupancy,3,0.0
2025-01-04 16:00:00,temp,1,23.34
2025-01-04 16:00:00,lux,2,327.0
2025-01-04 16:00:00,occupancy,3,0.0
2025-01-04 16:15:00,temp,1,23.34
2025-01-04 16:15:00,lux,2,471.0
2025-01-04 16:15:00,occupancy,3,0.0
2025-01-04 16:30:00,temp,1,21.88
2025-01-04 16:30:00,lux,2,332.0
2025-01-04 16:30:00,occupancy,3,0.0
2025-01-04 16:45:00,temp,1,22.84
2025-01-04 16:45:00,lux,2,283.0
2025-01-04 16:45:00,occupancy,3,0.0
2025-01-04 17:00:00,temp,1,24.13
2025-01-04 17:00:00,lux,2,436.0
2025-01-04 17:00:00,occupancy,3,0.0
2025-01-04 17:15:00,temp,1,22.46
2025-01-04 17:15:00,lux,2,452.0
2025-01-04 17:15:00,occupancy,3,0.0
2025-01-04 17:30:00,temp,1,23.12
2025-01-04 17:30:00,lux,2,326.0
2025-01-04 17:30:00,occupancy,3,0.0
2025-01-04 17:45:00,temp,1,23.94
2025-01-04 17:45:00,lux,2,405.0
2025-01-04 17:45:00,occupancy,3,0.0
2025-01-04 18:00:00,temp,1,23.26
2025-01-04 18:00:00,lux,2,426.0
2025-01-04 18:00:00,occupancy,3,0.0
2025-01-04 18:15:00,temp,1,22.69
2025-01-04 18:15:00,lux,2,219.0
2025-01-04 18:15:00,occupancy,3,0.0
2025-01-04 18:30:00,temp,1,21.06
2025-01-04 18:30:00,lux,2,222.0
2025-01-04 18:30:00,occupancy,3,1.0
2025-01-04 18:45:00,temp,1,23.47
2025-01-04 18:45:00,lux,2,385.0
2025-01-04 18:45:00,occupancy,3,0.0
2025-01-04 19:00:00,temp,1,22.03
2025-01-04 19:00:00,lux,2,436.0
2025-01-04 19:00:00,occupancy,3,0.0
2025-01-04 19:15:00,temp,1,22.93
2025-01-04 19:15:00,lux,2,419.0
2025-01-04 19:15:00,occupancy,3,0.0
2025-01-04 19:30:00,temp,1,22.46
2025-01-04 19:30:00,lux,2,204.0
2025-01-04 19:30:00,occupancy,3,0.0
2025-01-04 19:45:00,temp,1,23.75
2025-01-04 19:45:00,lux,2,214.0
2025-01-04 19:45:00,occupancy,3,0.0
2025-01-04 20:00:00,temp,1,22.19
2025-01-04 20:00:00,lux,2,445.0
2025-01-04 20:00:00,occupancy,3,0.0
2025-01-04 20:15:00,temp,1,24.1
2025-01-04 20:15:00,lux,2,489.0
2025-01-04 20:15:00,occupancy,3,1.0
2025-01-04 20:30:00,temp,1,21.74
2025-01-04 20:30:00,lux,2,249.0
2025-01-04 20:30:00,occupancy,3,0.0
2025-01-04 20:45:00,temp,1,22.68
2025-01-04 20:45:00,lux,2,384.0
2025-01-04 20:45:00,occupancy,3,1.0
2025-01-04 21:00:00,temp,1,16.25
2025-01-04 21:00:00,lux,2,0.0
2025-01-04 21:00:00,occupancy,3,0.0
2025-01-04 21:15:00,temp,1,18.84
2025-01-04 21:15:00,lux,2,0.0
2025-01-04 21:15:00,occupancy,3,0.0
2025-01-04 21:30:00,temp,1,16.84
2025-01-04 21:30:00,lux,2,0.0
2025-01-04 21:30:00,occupancy,3,0.0
2025-01-04 21:45:00,temp,1,19.49
2025-01-04 21:45:00,lux,2,0.0
2025-01-04 21:45:00,occupancy,3,0.0
2025-01-04 22:00:00,temp,1,18.8
2025-01-04 22:00:00,lux,2,0.0
2025-01-04 22:00:00,occupancy,3,0.0
2025-01-04 22:15:00,temp,1,19.49
2025-01-04 22:15:00,lux,2,0.0
2025-01-04 22:15:00,occupancy,3,0.0
2025-01-04 22:30:00,temp,1,17.88
2025-01-04 22:30:00,lux,2,0.0
2025-01-04 22:30:00,occupancy,3,0.0
2025-01-04 22:45:00,temp,1,20.13
2025-01-04 22:45:00,lux,2,0.0
2025-01-04 22:45:00,occupancy,3,0.0
2025-01-04 23:00:00,temp,1,19.71
2025-01-04 23:00:00,lux,2,0.0
2025-01-04 23:00:00,occupancy,3,0.0
2025-01-04 23:15:00,temp,1,19.69
2025-01-04 23:15:00,lux,2,0.0
2025-01-04 23:15:00,occupancy,3,0.0
2025-01-04 23:30:00,temp,1,19.59
2025-01-04 23:30:00,lux,2,0.0
2025-01-04 23:30:00,occupancy,3,0.0
2025-01-04 23:45:00,temp,1,19.02
2025-01-04 23:45:00,lux,2,0.0
2025-01-04 23:45:00,occupancy,3,1.0
2025-01-05 00:00:00,temp,1,19.16
2025-01-05 00:00:00,lux,2,0.0
2025-01-05 00:00:00,occupancy,3,1.0
2025-01-05 00:15:00,temp,1,18.07
2025-01-05 00:15:00,lux,2,0.0
2025-01-05 00:15:00,occupancy,3,0.0
2025-01-05 00:30:00,temp,1,17.78
2025-01-05 00:30:00,lux,2,0.0
2025-01-05 00:30:00,occupancy,3,0.0
2025-01-05 00:45:00,temp,1,18.53
2025-01-05 00:45:00,lux,2,0.0
2025-01-05 00:45:00,occupancy,3,0.0
2025-01-05 01:00:00,temp,1,19.37
2025-01-05 01:00:00,lux,2,0.0
2025-01-05 01:00:00,occupancy,3,0.0
2025-01-05 01:15:00,temp,1,18.12
2025-01-05 01:15:00,lux,2,0.0
2025-01-05 01:15:00,occupancy,3,0.0
2025-01-05 01:30:00,temp,1,17.78
2025-01-05 01:30:00,lux,2,0.0
2025-01-05 01:30:00,occupancy,3,0.0
2025-01-05 01:45:00,temp,1,19.58
2025-01-05 01:45:00,lux,2,0.0
2025-01-05 01:45:00,occupancy,3,0.0
2025-01-05 02:00:00,temp,1,18.47
2025-01-05 02:00:00,lux,2,0.0
2025-01-05 02:00:00,occupancy,3,0.0
2025-01-05 02:15:00,temp,1,20.04
2025-01-05 02:15:00,lux,2,0.0
2025-01-05 02:15:00,occupancy,3,0.0
2025-01-05 02:30:00,temp,1,18.11
2025-01-05 02:30:00,lux,2,0.0
2025-01-05 02:30:00,occupancy,3,0.0
2025-01-05 02:45:00,temp,1,18.79
2025-01-05 02:45:00,lux,2,0.0
2025-01-05 02:45:00,occupancy,3,0.0
2025-01-05 03:00:00,temp,1,18.59
2025-01-05 03:00:00,lux,2,0.0
2025-01-05 03:00:00,occupancy,3,0.0
2025-01-05 03:15:00,temp,1,18.01
2025-01-05 03:15:00,lux,2,0.0
2025-01-05 03:15:00,occupancy,3,0.0
2025-01-05 03:30:00,temp,1,19.74
2025-01-05 03:30:00,lux,2,0.0
2025-01-05 03:30:00,occupancy,3,0.0
2025-01-05 03:45:00,temp,1,18.58
2025-01-05 03:45:00,lux,2,0.0
2025-01-05 03:45:00,occupancy,3,0.0
2025-01-05 04:00:00,temp,1,19.03
2025-01-05 04:00:00,lux,2,0.0
2025-01-05 04:00:00,occupancy,3,0.0
2025-01-05 04:15:00,temp,1,20.31
2025-01-05 04:15:00,lux,2,0.0
2025-01-05 04:15:00,occupancy,3,0.0
2025-01-05 04:30:00,temp,1,20.22
2025-01-05 04:30:00,lux,2,0.0
2025-01-05 04:30:00,occupancy,3,0.0
2025-01-05 04:45:00,temp,1,18.81
2025-01-05 04:45:00,lux,2,0.0
2025-01-05 04:45:00,occupancy,3,0.0
2025-01-05 05:00:00,temp,1,20.81
2025-01-05 05:00:00,lux,2,0.0
2025-01-05 05:00:00,occupancy,3,1.0
2025-01-05 05:15:00,temp,1,18.51
2025-01-05 05:15:00,lux,2,0.0
2025-01-05 05:15:00,occupancy,3,0.0
2025-01-05 05:30:00,temp,1,19.71
2025-01-05 05:30:00,lux,2,0.0
2025-01-05 05:30:00,occupancy,3,0.0
2025-01-05 05:45:00,temp,1,18.64
2025-01-05 05:45:00,lux,2,0.0
2025-01-05 05:45:00,occupancy,3,0.0
2025-01-05 06:00:00,temp,1,18.73
2025-01-05 06:00:00,lux,2,321.0
2025-01-05 06:00:00,occupancy,3,0.0
2025-01-05 06:15:00,temp,1,18.37
2025-01-05 06:15:00,lux,2,460.0
2025-01-05 06:15:00,occupancy,3,0.0
2025-01-05 06:30:00,temp,1,18.95
2025-01-05 06:30:00,lux,2,289.0
2025-01-05 06:30:00,occupancy,3,0.0
2025-01-05 06:45:00,temp,1,18.66
2025-01-05 06:45:00,lux,2,283.0
2025-01-05 06:45:00,occupancy,3,0.0
2025-01-05 07:00:00,temp,1,19.18
2025-01-05 07:00:00,lux,2,293.0
2025-01-05 07:00:00,occupancy,3,0.0
2025-01-05 07:15:00,temp,1,17.23
2025-01-05 07:15:00,lux,2,418.0
2025-01-05 07:15:00,occupancy,3,0.0
2025-01-05 07:30:00,temp,1,19.29
2025-01-05 07:30:00,lux,2,241.0
2025-01-05 07:30:00,occupancy,3,1.0
2025-01-05 07:45:00,temp,1,18.28
2025-01-05 07:45:00,lux,2,303.0
2025-01-05 07:45:00,occupancy,3,0.0
2025-01-05 08:00:00,temp,1,22.72
2025-01-05 08:00:00,lux,2,331.0
2025-01-05 08:00:00,occupancy,3,0.0
2025-01-05 08:15:00,temp,1,22.99
2025-01-05 08:15:00,lux,2,467.0
2025-01-05 08:15:00,occupancy,3,0.0
2025-01-05 08:30:00,temp,1,24.47
2025-01-05 08:30:00,lux,2,334.0
2025-01-05 08:30:00,occupancy,3,1.0
2025-01-05 08:45:00,temp,1,23.3
2025-01-05 08:45:00,lux,2,325.0
2025-01-05 08:45:00,occupancy,3,0.0
2025-01-05 09:00:00,temp,1,22.64
2025-01-05 09:00:00,lux,2,263.0
2025-01-05 09:00:00,occupancy,3,0.0
2025-01-05 09:15:00,temp,1,23.13
2025-01-05 09:15:00,lux,2,406.0
2025-01-05 09:15:00,occupancy,3,0.0
2025-01-05 09:30:00,temp,1,24.92
2025-01-05 09:30:00,lux,2,404.0
2025-01-05 09:30:00,occupancy,3,0.0
2025-01-05 09:45:00,temp,1,23.4
2025-01-05 09:45:00,lux,2,228.0
2025-01-05 09:45:00,occupancy,3,0.0
2025-01-05 10:00:00,temp,1,23.09
2025-01-05 10:00:00,lux,2,225.0
2025-01-05 10:00:00,occupancy,3,0.0
2025-01-05 10:15:00,temp,1,24.1
2025-01-05 10:15:00,lux,2,353.0
2025-01-05 10:15:00,occupancy,3,0.0
2025-01-05 10:30:00,temp,1,23.82
2025-01-05 10:30:00,lux,2,407.0
2025-01-05 10:30:00,occupancy,3,0.0
2025-01-05 10:45:00,temp,1,23.57
2025-01-05 10:45:00,lux,2,426.0
2025-01-05 10:45:00,occupancy,3,0.0
2025-01-05 11:00:00,temp,1,21.47
2025-01-05 11:00:00,lux,2,207.0
2025-01-05 11:00:00,occupancy,3,0.0
2025-01-05 11:15:00,temp,1,21.69
2025-01-05 11:15:00,lux,2,393.0
2025-01-05 11:15:00,occupancy,3,0.0
2025-01-05 11:30:00,temp,1,22.85
2025-01-05 11:30:00,lux,2,419.0
2025-01-05 11:30:00,occupancy,3,0.0
2025-01-05 11:45:00,temp,1,21.28
2025-01-05 11:45:00,lux,2,480.0
2025-01-05 11:45:00,occupancy,3,0.0
2025-01-05 12:00:00,temp,1,23.58
2025-01-05 12:00:00,lux,2,301.0
2025-01-05 12:00:00,occupancy,3,0.0
2025-01-05 12:15:00,temp,1,22.7
2025-01-05 12:15:00,lux,2,384.0
2025-01-05 12:15:00,occupancy,3,0.0
2025-01-05 12:30:00,temp,1,23.2
2025-01-05 12:30:00,lux,2,499.0
2025-01-05 12:30:00,occupancy,3,0.0
2025-01-05 12:45:00,temp,1,23.43
2025-01-05 12:45:00,lux,2,369.0
2025-01-05 12:45:00,occupancy,3,0.0
2025-01-05 13:00:00,temp,1,21.79
2025-01-05 13:00:00,lux,2,384.0
2025-01-05 13:00:00,occupancy,3,0.0
2025-01-05 13:15:00,temp,1,23.55
2025-01-05 13:15:00,lux,2,381.0
2025-01-05 13:15:00,occupancy,3,0.0
2025-01-05 13:30:00,temp,1,24.0
2025-01-05 13:30:00,lux,2,384.0
2025-01-05 13:30:00,occupancy,3,0.0
2025-01-05 13:45:00,temp,1,21.41
2025-01-05 13:45:00,lux,2,390.0
2025-01-05 13:45:00,occupancy,3,1.0
2025-01-05 14:00:00,temp,1,23.83
2025-01-05 14:00:00,lux,2,364.0
2025-01-05 14:00:00,occupancy,3,1.0
2025-01-05 14:15:00,temp,1,23.48
2025-01-05 14:15:00,lux,2,476.0
2025-01-05 14:15:00,occupancy,3,0.0
2025-01-05 14:30:00,temp,1,24.64
2025-01-05 14:30:00,lux,2,418.0
2025-01-05 14:30:00,occupancy,3,0.0
2025-01-05 14:45:00,temp,1,22.92
2025-01-05 14:45:00,lux,2,402.0
2025-01-05 14:45:00,occupancy,3,0.0
2025-01-05 15:00:00,temp,1,22.15
2025-01-05 15:00:00,lux,2,224.0
2025-01-05 15:00:00,occupancy,3,0.0
2025-01-05 15:15:00,temp,1,21.66
2025-01-05 15:15:00,lux,2,485.0
2025-01-05 15:15:00,occupancy,3,0.0
2025-01-05 15:30:00,temp,1,24.07
2025-01-05 15:30:00,lux,2,205.0
2025-01-05 15:30:00,occupancy,3,0.0
2025-01-05 15:45:00,temp,1,21.88
2025-01-05 15:45:00,lux,2,312.0
2025-01-05 15:45:00,occupancy,3,0.0
2025-01-05 16:00:00,temp,1,21.97
2025-01-05 16:00:00,lux,2,315.0
2025-01-05 16:00:00,occupancy,3,0.0
2025-01-05 16:15:00,temp,1,21.29
2025-01-05 16:15:00,lux,2,497.0
2025-01-05 16:15:00,occupancy,3,0.0
2025-01-05 16:30:00,temp,1,21.65
2025-01-05 16:30:00,lux,2,282.0
2025-01-05 16:30:00,occupancy,3,0.0
2025-01-05 16:45:00,temp,1,23.83
2025-01-05 16:45:00,lux,2,382.0
2025-01-05 16:45:00,occupancy,3,0.0
2025-01-05 17:00:00,temp,1,23.11
2025-01-05 17:00:00,lux,2,271.0
2025-01-05 17:00:00,occupancy,3,0.0
2025-01-05 17:15:00,temp,1,24.49
2025-01-05 17:15:00,lux,2,279.0
2025-01-05 17:15:00,occupancy,3,0.0
2025-01-05 17:30:00,temp,1,23.95
2025-01-05 17:30:00,lux,2,349.0
2025-01-05 17:30:00,occupancy,3,0.0
2025-01-05 17:45:00,temp,1,22.04
2025-01-05 17:45:00,lux,2,287.0
2025-01-05 17:45:00,occupancy,3,0.0
2025-01-05 18:00:00,temp,1,21.4
2025-01-05 18:00:00,lux,2,344.0
2025-01-05 18:00:00,occupancy,3,0.0
2025-01-05 18:15:00,temp,1,24.13
2025-01-05 18:15:00,lux,2,266.0
2025-01-05 18:15:00,occupancy,3,0.0
2025-01-05 18:30:00,temp,1,22.38
2025-01-05 18:30:00,lux,2,279.0
2025-01-05 18:30:00,occupancy,3,0.0
2025-01-05 18:45:00,temp,1,23.38
2025-01-05 18:45:00,lux,2,397.0
2025-01-05 18:45:00,occupancy,3,1.0
2025-01-05 19:00:00,temp,1,21.72
2025-01-05 19:00:00,lux,2,293.0
2025-01-05 19:00:00,occupancy,3,0.0
2025-01-05 19:15:00,temp,1,22.05
2025-01-05 19:15:00,lux,2,289.0
2025-01-05 19:15:00,occupancy,3,0.0
2025-01-05 19:30:00,temp,1,23.41
2025-01-05 19:30:00,lux,2,418.0
2025-01-05 19:30:00,occupancy,3,0.0
2025-01-05 19:45:00,temp,1,22.03
2025-01-05 19:45:00,lux,2,249.0
2025-01-05 19:45:00,occupancy,3,0.0
2025-01-05 20:00:00,temp,1,21.77
2025-01-05 20:00:00,lux,2,245.0
2025-01-05 20:00:00,occupancy,3,0.0
2025-01-05 20:15:00,temp,1,23.27
2025-01-05 20:15:00,lux,2,226.0
2025-01-05 20:15:00,occupancy,3,0.0
2025-01-05 20:30:00,temp,1,23.45
2025-01-05 20:30:00,lux,2,423.0
2025-01-05 20:30:00,occupancy,3,0.0
2025-01-05 20:45:00,temp,1,24.13
2025-01-05 20:45:00,lux,2,333.0
2025-01-05 20:45:00,occupancy,3,0.0
2025-01-05 21:00:00,temp,1,20.44
2025-01-05 21:00:00,lux,2,0.0
2025-01-05 21:00:00,occupancy,3,0.0
2025-01-05 21:15:00,temp,1,19.57
2025-01-05 21:15:00,lux,2,0.0
2025-01-05 21:15:00,occupancy,3,0.0
2025-01-05 21:30:00,temp,1,18.43
2025-01-05 21:30:00,lux,2,0.0
2025-01-05 21:30:00,occupancy,3,0.0
2025-01-05 21:45:00,temp,1,19.43
2025-01-05 21:45:00,lux,2,0.0
2025-01-05 21:45:00,occupancy,3,0.0
2025-01-05 22:00:00,temp,1,19.19
2025-01-05 22:00:00,lux,2,0.0
2025-01-05 22:00:00,occupancy,3,0.0
2025-01-05 22:15:00,temp,1,17.22
2025-01-05 22:15:00,lux,2,0.0
2025-01-05 22:15:00,occupancy,3,0.0
2025-01-05 22:30:00,temp,1,17.65
2025-01-05 22:30:00,lux,2,0.0
2025-01-05 22:30:00,occupancy,3,0.0
2025-01-05 22:45:00,temp,1,17.54
2025-01-05 22:45:00,lux,2,0.0
2025-01-05 22:45:00,occupancy,3,0.0
2025-01-05 23:00:00,temp,1,18.86
2025-01-05 23:00:00,lux,2,0.0
2025-01-05 23:00:00,occupancy,3,0.0
2025-01-05 23:15:00,temp,1,20.3
2025-01-05 23:15:00,lux,2,0.0
2025-01-05 23:15:00,occupancy,3,0.0
2025-01-05 23:30:00,temp,1,19.44
2025-01-05 23:30:00,lux,2,0.0
2025-01-05 23:30:00,occupancy,3,1.0
2025-01-05 23:45:00,temp,1,20.41
2025-01-05 23:45:00,lux,2,0.0
2025-01-05 23:45:00,occupancy,3,0.0
2025-01-06 00:00:00,temp,1,20.0
2025-01-06 00:00:00,lux,2,0.0
2025-01-06 00:00:00,occupancy,3,1.0
2025-01-06 00:15:00,temp,1,21.65
2025-01-06 00:15:00,lux,2,0.0
2025-01-06 00:15:00,occupancy,3,0.0
2025-01-06 00:30:00,temp,1,20.42
2025-01-06 00:30:00,lux,2,0.0
2025-01-06 00:30:00,occupancy,3,0.0
2025-01-06 00:45:00,temp,1,18.76
2025-01-06 00:45:00,lux,2,0.0
2025-01-06 00:45:00,occupancy,3,0.0
2025-01-06 01:00:00,temp,1,17.93
2025-01-06 01:00:00,lux,2,0.0
2025-01-06 01:00:00,occupancy,3,0.0
2025-01-06 01:15:00,temp,1,19.49
2025-01-06 01:15:00,lux,2,0.0
2025-01-06 01:15:00,occupancy,3,0.0
2025-01-06 01:30:00,temp,1,19.61
2025-01-06 01:30:00,lux,2,0.0
2025-01-06 01:30:00,occupancy,3,0.0
2025-01-06 01:45:00,temp,1,17.45
2025-01-06 01:45:00,lux,2,0.0
2025-01-06 01:45:00,occupancy,3,0.0
2025-01-06 02:00:00,temp,1,17.82
2025-01-06 02:00:00,lux,2,0.0
2025-01-06 02:00:00,occupancy,3,0.0
2025-01-06 02:15:00,temp,1,19.86
2025-01-06 02:15:00,lux,2,0.0
2025-01-06 02:15:00,occupancy,3,0.0
2025-01-06 02:30:00,temp,1,19.32
2025-01-06 02:30:00,lux,2,0.0
2025-01-06 02:30:00,occupancy,3,0.0
2025-01-06 02:45:00,temp,1,16.67
2025-01-06 02:45:00,lux,2,0.0
2025-01-06 02:45:00,occupancy,3,0.0
2025-01-06 03:00:00,temp,1,19.21
2025-01-06 03:00:00,lux,2,0.0
2025-01-06 03:00:00,occupancy,3,0.0
2025-01-06 03:15:00,temp,1,18.47
2025-01-06 03:15:00,lux,2,0.0
2025-01-06 03:15:00,occupancy,3,0.0
2025-01-06 03:30:00,temp,1,18.51
2025-01-06 03:30:00,lux,2,0.0
2025-01-06 03:30:00,occupancy,3,0.0
2025-01-06 03:45:00,temp,1,20.29
2025-01-06 03:45:00,lux,2,0.0
2025-01-06 03:45:00,occupancy,3,0.0
2025-01-06 04:00:00,temp,1,20.51
2025-01-06 04:00:00,lux,2,0.0
2025-01-06 04:00:00,occupancy,3,0.0
2025-01-06 04:15:00,temp,1,18.64
2025-01-06 04:15:00,lux,2,0.0
2025-01-06 04:15:00,occupancy,3,0.0
2025-01-06 04:30:00,temp,1,18.8
2025-01-06 04:30:00,lux,2,0.0
2025-01-06 04:30:00,occupancy,3,0.0
2025-01-06 04:45:00,temp,1,19.72
2025-01-06 04:45:00,lux,2,0.0
2025-01-06 04:45:00,occupancy,3,0.0
2025-01-06 05:00:00,temp,1,20.46
2025-01-06 05:00:00,lux,2,0.0
2025-01-06 05:00:00,occupancy,3,0.0
2025-01-06 05:15:00,temp,1,18.61
2025-01-06 05:15:00,lux,2,0.0
2025-01-06 05:15:00,occupancy,3,0.0
2025-01-06 05:30:00,temp,1,19.38
2025-01-06 05:30:00,lux,2,0.0
2025-01-06 05:30:00,occupancy,3,0.0
2025-01-06 05:45:00,temp,1,19.9
2025-01-06 05:45:00,lux,2,0.0
2025-01-06 05:45:00,occupancy,3,0.0
2025-01-06 06:00:00,temp,1,18.26
2025-01-06 06:00:00,lux,2,386.0
2025-01-06 06:00:00,occupancy,3,0.0
2025-01-06 06:15:00,temp,1,18.9
2025-01-06 06:15:00,lux,2,231.0
2025-01-06 06:15:00,occupancy,3,1.0
2025-01-06 06:30:00,temp,1,20.2
2025-01-06 06:30:00,lux,2,277.0
2025-01-06 06:30:00,occupancy,3,0.0
2025-01-06 06:45:00,temp,1,18.58
2025-01-06 06:45:00,lux,2,400.0
2025-01-06 06:45:00,occupancy,3,0.0
2025-01-06 07:00:00,temp,1,19.62
2025-01-06 07:00:00,lux,2,245.0
2025-01-06 07:00:00,occupancy,3,0.0
2025-01-06 07:15:00,temp,1,18.94
2025-01-06 07:15:00,lux,2,277.0
2025-01-06 07:15:00,occupancy,3,0.0
2025-01-06 07:30:00,temp,1,18.0
2025-01-06 07:30:00,lux,2,465.0
2025-01-06 07:30:00,occupancy,3,0.0
2025-01-06 07:45:00,temp,1,19.6
2025-01-06 07:45:00,lux,2,297.0
2025-01-06 07:45:00,occupancy,3,1.0
2025-01-06 08:00:00,temp,1,22.67
2025-01-06 08:00:00,lux,2,201.0
2025-01-06 08:00:00,occupancy,3,0.0
2025-01-06 08:15:00,temp,1,25.28
2025-01-06 08:15:00,lux,2,285.0
2025-01-06 08:15:00,occupancy,3,0.0
2025-01-06 08:30:00,temp,1,21.52
2025-01-06 08:30:00,lux,2,415.0
2025-01-06 08:30:00,occupancy,3,0.0
2025-01-06 08:45:00,temp,1,23.55
2025-01-06 08:45:00,lux,2,402.0
2025-01-06 08:45:00,occupancy,3,0.0
2025-01-06 09:00:00,temp,1,25.06
2025-01-06 09:00:00,lux,2,361.0
2025-01-06 09:00:00,occupancy,3,1.0
2025-01-06 09:15:00,temp,1,21.56
2025-01-06 09:15:00,lux,2,349.0
2025-01-06 09:15:00,occupancy,3,1.0
2025-01-06 09:30:00,temp,1,24.54
2025-01-06 09:30:00,lux,2,356.0
2025-01-06 09:30:00,occupancy,3,1.0
2025-01-06 09:45:00,temp,1,24.79
2025-01-06 09:45:00,lux,2,318.0
2025-01-06 09:45:00,occupancy,3,1.0
2025-01-06 10:00:00,temp,1,23.08
2025-01-06 10:00:00,lux,2,282.0
2025-01-06 10:00:00,occupancy,3,1.0
2025-01-06 10:15:00,temp,1,24.17
2025-01-06 10:15:00,lux,2,269.0
2025-01-06 10:15:00,occupancy,3,1.0
2025-01-06 10:30:00,temp,1,21.76
2025-01-06 10:30:00,lux,2,225.0
2025-01-06 10:30:00,occupancy,3,1.0
2025-01-06 10:45:00,temp,1,22.75
2025-01-06 10:45:00,lux,2,330.0
2025-01-06 10:45:00,occupancy,3,1.0
2025-01-06 11:00:00,temp,1,22.89
2025-01-06 11:00:00,lux,2,227.0
2025-01-06 11:00:00,occupancy,3,1.0
2025-01-06 11:15:00,temp,1,21.14
2025-01-06 11:15:00,lux,2,332.0
2025-01-06 11:15:00,occupancy,3,1.0
2025-01-06 11:30:00,temp,1,23.22
2025-01-06 11:30:00,lux,2,371.0
2025-01-06 11:30:00,occupancy,3,1.0
2025-01-06 11:45:00,temp,1,23.35
2025-01-06 11:45:00,lux,2,320.0
2025-01-06 11:45:00,occupancy,3,1.0
2025-01-06 12:00:00,temp,1,24.59
2025-01-06 12:00:00,lux,2,314.0
2025-01-06 12:00:00,occupancy,3,1.0
2025-01-06 12:15:00,temp,1,23.03
2025-01-06 12:15:00,lux,2,427.0
2025-01-06 12:15:00,occupancy,3,1.0
2025-01-06 12:30:00,temp,1,23.21
2025-01-06 12:30:00,lux,2,270.0
2025-01-06 12:30:00,occupancy,3,1.0
2025-01-06 12:45:00,temp,1,22.65
2025-01-06 12:45:00,lux,2,365.0
2025-01-06 12:45:00,occupancy,3,1.0
2025-01-06 13:00:00,temp,1,23.75
2025-01-06 13:00:00,lux,2,390.0
2025-01-06 13:00:00,occupancy,3,1.0
2025-01-06 13:15:00,temp,1,23.14
2025-01-06 13:15:00,lux,2,348.0
2025-01-06 13:15:00,occupancy,3,1.0
2025-01-06 13:30:00,temp,1,21.47
2025-01-06 13:30:00,lux,2,451.0
2025-01-06 13:30:00,occupancy,3,1.0
2025-01-06 13:45:00,temp,1,21.81
2025-01-06 13:45:00,lux,2,456.0
2025-01-06 13:45:00,occupancy,3,1.0
2025-01-06 14:00:00,temp,1,24.57
2025-01-06 14:00:00,lux,2,388.0
2025-01-06 14:00:00,occupancy,3,1.0
2025-01-06 14:15:00,temp,1,22.68
2025-01-06 14:15:00,lux,2,404.0
2025-01-06 14:15:00,occupancy,3,1.0
2025-01-06 14:30:00,temp,1,22.29
2025-01-06 14:30:00,lux,2,479.0
2025-01-06 14:30:00,occupancy,3,1.0
2025-01-06 14:45:00,temp,1,22.73
2025-01-06 14:45:00,lux,2,417.0
2025-01-06 14:45:00,occupancy,3,1.0
2025-01-06 15:00:00,temp,1,22.81
2025-01-06 15:00:00,lux,2,475.0
2025-01-06 15:00:00,occupancy,3,1.0
2025-01-06 15:15:00,temp,1,23.3
2025-01-06 15:15:00,lux,2,380.0
2025-01-06 15:15:00,occupancy,3,1.0
2025-01-06 15:30:00,temp,1,24.05
2025-01-06 15:30:00,lux,2,293.0
2025-01-06 15:30:00,occupancy,3,1.0
2025-01-06 15:45:00,temp,1,23.52
2025-01-06 15:45:00,lux,2,441.0
2025-01-06 15:45:00,occupancy,3,1.0
2025-01-06 16:00:00,temp,1,22.41
2025-01-06 16:00:00,lux,2,260.0
2025-01-06 16:00:00,occupancy,3,1.0
2025-01-06 16:15:00,temp,1,23.89
2025-01-06 16:15:00,lux,2,465.0
2025-01-06 16:15:00,occupancy,3,1.0
2025-01-06 16:30:00,temp,1,23.07
2025-01-06 16:30:00,lux,2,439.0
2025-01-06 16:30:00,occupancy,3,1.0
2025-01-06 16:45:00,temp,1,22.42
2025-01-06 16:45:00,lux,2,498.0
2025-01-06 16:45:00,occupancy,3,1.0
2025-01-06 17:00:00,temp,1,23.77
2025-01-06 17:00:00,lux,2,358.0
2025-01-06 17:00:00,occupancy,3,1.0
2025-01-06 17:15:00,temp,1,24.07
2025-01-06 17:15:00,lux,2,337.0
2025-01-06 17:15:00,occupancy,3,1.0
2025-01-06 17:30:00,temp,1,20.65
2025-01-06 17:30:00,lux,2,261.0
2025-01-06 17:30:00,occupancy,3,1.0
2025-01-06 17:45:00,temp,1,21.05
2025-01-06 17:45:00,lux,2,405.0
2025-01-06 17:45:00,occupancy,3,1.0
2025-01-06 18:00:00,temp,1,24.67
2025-01-06 18:00:00,lux,2,233.0
2025-01-06 18:00:00,occupancy,3,1.0
2025-01-06 18:15:00,temp,1,23.57
2025-01-06 18:15:00,lux,2,213.0
2025-01-06 18:15:00,occupancy,3,1.0
2025-01-06 18:30:00,temp,1,23.4
2025-01-06 18:30:00,lux,2,418.0
2025-01-06 18:30:00,occupancy,3,1.0
2025-01-06 18:45:00,temp,1,22.17
2025-01-06 18:45:00,lux,2,321.0
2025-01-06 18:45:00,occupancy,3,1.0
2025-01-06 19:00:00,temp,1,21.99
2025-01-06 19:00:00,lux,2,352.0
2025-01-06 19:00:00,occupancy,3,0.0
2025-01-06 19:15:00,temp,1,23.0
2025-01-06 19:15:00,lux,2,371.0
2025-01-06 19:15:00,occupancy,3,0.0
2025-01-06 19:30:00,temp,1,24.06
2025-01-06 19:30:00,lux,2,493.0
2025-01-06 19:30:00,occupancy,3,1.0
2025-01-06 19:45:00,temp,1,23.74
2025-01-06 19:45:00,lux,2,241.0
2025-01-06 19:45:00,occupancy,3,1.0
2025-01-06 20:00:00,temp,1,21.62
2025-01-06 20:00:00,lux,2,483.0
2025-01-06 20:00:00,occupancy,3,0.0
2025-01-06 20:15:00,temp,1,23.76
2025-01-06 20:15:00,lux,2,214.0
2025-01-06 20:15:00,occupancy,3,0.0
2025-01-06 20:30:00,temp,1,24.06
2025-01-06 20:30:00,lux,2,261.0
2025-01-06 20:30:00,occupancy,3,0.0
2025-01-06 20:45:00,temp,1,22.23
2025-01-06 20:45:00,lux,2,329.0
2025-01-06 20:45:00,occupancy,3,0.0
2025-01-06 21:00:00,temp,1,20.36
2025-01-06 21:00:00,lux,2,0.0
2025-01-06 21:00:00,occupancy,3,0.0
2025-01-06 21:15:00,temp,1,17.58
2025-01-06 21:15:00,lux,2,0.0
2025-01-06 21:15:00,occupancy,3,0.0
2025-01-06 21:30:00,temp,1,17.96
2025-01-06 21:30:00,lux,2,0.0
2025-01-06 21:30:00,occupancy,3,0.0
2025-01-06 21:45:00,temp,1,19.49
2025-01-06 21:45:00,lux,2,0.0
2025-01-06 21:45:00,occupancy,3,0.0
2025-01-06 22:00:00,temp,1,18.57
2025-01-06 22:00:00,lux,2,0.0
2025-01-06 22:00:00,occupancy,3,0.0
2025-01-06 22:15:00,temp,1,19.37
2025-01-06 22:15:00,lux,2,0.0
2025-01-06 22:15:00,occupancy,3,0.0
2025-01-06 22:30:00,temp,1,19.7
2025-01-06 22:30:00,lux,2,0.0
2025-01-06 22:30:00,occupancy,3,0.0
2025-01-06 22:45:00,temp,1,19.86
2025-01-06 22:45:00,lux,2,0.0
2025-01-06 22:45:00,occupancy,3,0.0
2025-01-06 23:00:00,temp,1,18.33
2025-01-06 23:00:00,lux,2,0.0
2025-01-06 23:00:00,occupancy,3,1.0
2025-01-06 23:15:00,temp,1,20.12
2025-01-06 23:15:00,lux,2,0.0
2025-01-06 23:15:00,occupancy,3,0.0
2025-01-06 23:30:00,temp,1,20.53
2025-01-06 23:30:00,lux,2,0.0
2025-01-06 23:30:00,occupancy,3,0.0
2025-01-06 23:45:00,temp,1,18.29
2025-01-06 23:45:00,lux,2,0.0
2025-01-06 23:45:00,occupancy,3,0.0
2025-01-07 00:00:00,temp,1,18.3
2025-01-07 00:00:00,lux,2,0.0
2025-01-07 00:00:00,occupancy,3,0.0
2025-01-07 00:15:00,temp,1,19.03
2025-01-07 00:15:00,lux,2,0.0
2025-01-07 00:15:00,occupancy,3,0.0
2025-01-07 00:30:00,temp,1,18.07
2025-01-07 00:30:00,lux,2,0.0
2025-01-07 00:30:00,occupancy,3,0.0
2025-01-07 00:45:00,temp,1,18.4
2025-01-07 00:45:00,lux,2,0.0
2025-01-07 00:45:00,occupancy,3,0.0
2025-01-07 01:00:00,temp,1,19.58
2025-01-07 01:00:00,lux,2,0.0
2025-01-07 01:00:00,occupancy,3,0.0
2025-01-07 01:15:00,temp,1,19.25
2025-01-07 01:15:00,lux,2,0.0
2025-01-07 01:15:00,occupancy,3,0.0
2025-01-07 01:30:00,temp,1,18.88
2025-01-07 01:30:00,lux,2,0.0
2025-01-07 01:30:00,occupancy,3,0.0
2025-01-07 01:45:00,temp,1,17.78
2025-01-07 01:45:00,lux,2,0.0
2025-01-07 01:45:00,occupancy,3,0.0
2025-01-07 02:00:00,temp,1,19.92
2025-01-07 02:00:00,lux,2,0.0
2025-01-07 02:00:00,occupancy,3,0.0
2025-01-07 02:15:00,temp,1,19.43
2025-01-07 02:15:00,lux,2,0.0
2025-01-07 02:15:00,occupancy,3,0.0
2025-01-07 02:30:00,temp,1,18.71
2025-01-07 02:30:00,lux,2,0.0
2025-01-07 02:30:00,occupancy,3,0.0
2025-01-07 02:45:00,temp,1,18.44
2025-01-07 02:45:00,lux,2,0.0
2025-01-07 02:45:00,occupancy,3,0.0
2025-01-07 03:00:00,temp,1,18.79
2025-01-07 03:00:00,lux,2,0.0
2025-01-07 03:00:00,occupancy,3,0.0
2025-01-07 03:15:00,temp,1,18.74
2025-01-07 03:15:00,lux,2,0.0
2025-01-07 03:15:00,occupancy,3,0.0
2025-01-07 03:30:00,temp,1,17.83
2025-01-07 03:30:00,lux,2,0.0
2025-01-07 03:30:00,occupancy,3,0.0
2025-01-07 03:45:00,temp,1,19.72
2025-01-07 03:45:00,lux,2,0.0
2025-01-07 03:45:00,occupancy,3,0.0
2025-01-07 04:00:00,temp,1,18.15
2025-01-07 04:00:00,lux,2,0.0
2025-01-07 04:00:00,occupancy,3,0.0
2025-01-07 04:15:00,temp,1,19.28
2025-01-07 04:15:00,lux,2,0.0
2025-01-07 04:15:00,occupancy,3,0.0
2025-01-07 04:30:00,temp,1,18.28
2025-01-07 04:30:00,lux,2,0.0
2025-01-07 04:30:00,occupancy,3,0.0
2025-01-07 04:45:00,temp,1,18.67
2025-01-07 04:45:00,lux,2,0.0
2025-01-07 04:45:00,occupancy,3,0.0
2025-01-07 05:00:00,temp,1,19.02
2025-01-07 05:00:00,lux,2,0.0
2025-01-07 05:00:00,occupancy,3,0.0
2025-01-07 05:15:00,temp,1,19.76
2025-01-07 05:15:00,lux,2,0.0
2025-01-07 05:15:00,occupancy,3,1.0
2025-01-07 05:30:00,temp,1,18.61
2025-01-07 05:30:00,lux,2,0.0
2025-01-07 05:30:00,occupancy,3,0.0
2025-01-07 05:45:00,temp,1,19.36
2025-01-07 05:45:00,lux,2,0.0
2025-01-07 05:45:00,occupancy,3,1.0
2025-01-07 06:00:00,temp,1,19.65
2025-01-07 06:00:00,lux,2,391.0
2025-01-07 06:00:00,occupancy,3,0.0
2025-01-07 06:15:00,temp,1,17.81
2025-01-07 06:15:00,lux,2,299.0
2025-01-07 06:15:00,occupancy,3,1.0
2025-01-07 06:30:00,temp,1,17.62
2025-01-07 06:30:00,lux,2,295.0
2025-01-07 06:30:00,occupancy,3,0.0
2025-01-07 06:45:00,temp,1,18.4
2025-01-07 06:45:00,lux,2,277.0
2025-01-07 06:45:00,occupancy,3,0.0
2025-01-07 07:00:00,temp,1,18.55
2025-01-07 07:00:00,lux,2,315.0
2025-01-07 07:00:00,occupancy,3,0.0
2025-01-07 07:15:00,temp,1,18.41
2025-01-07 07:15:00,lux,2,235.0
2025-01-07 07:15:00,occupancy,3,0.0
2025-01-07 07:30:00,temp,1,19.8
2025-01-07 07:30:00,lux,2,317.0
2025-01-07 07:30:00,occupancy,3,0.0
2025-01-07 07:45:00,temp,1,20.26
2025-01-07 07:45:00,lux,2,408.0
2025-01-07 07:45:00,occupancy,3,0.0
2025-01-07 08:00:00,temp,1,22.8
2025-01-07 08:00:00,lux,2,314.0
2025-01-07 08:00:00,occupancy,3,0.0
2025-01-07 08:15:00,temp,1,24.66
2025-01-07 08:15:00,lux,2,333.0
2025-01-07 08:15:00,occupancy,3,0.0
2025-01-07 08:30:00,temp,1,23.25
2025-01-07 08:30:00,lux,2,468.0
2025-01-07 08:30:00,occupancy,3,0.0
2025-01-07 08:45:00,temp,1,23.07
2025-01-07 08:45:00,lux,2,203.0
2025-01-07 08:45:00,occupancy,3,0.0
2025-01-07 09:00:00,temp,1,24.82
2025-01-07 09:00:00,lux,2,279.0
2025-01-07 09:00:00,occupancy,3,1.0
2025-01-07 09:15:00,temp,1,23.4
2025-01-07 09:15:00,lux,2,240.0
2025-01-07 09:15:00,occupancy,3,1.0
2025-01-07 09:30:00,temp,1,23.28
2025-01-07 09:30:00,lux,2,383.0
2025-01-07 09:30:00,occupancy,3,1.0
2025-01-07 09:45:00,temp,1,25.51
2025-01-07 09:45:00,lux,2,328.0
2025-01-07 09:45:00,occupancy,3,1.0
2025-01-07 10:00:00,temp,1,24.04
2025-01-07 10:00:00,lux,2,448.0
2025-01-07 10:00:00,occupancy,3,1.0
2025-01-07 10:15:00,temp,1,20.14
2025-01-07 10:15:00,lux,2,265.0
2025-01-07 10:15:00,occupancy,3,1.0
2025-01-07 10:30:00,temp,1,22.98
2025-01-07 10:30:00,lux,2,319.0
2025-01-07 10:30:00,occupancy,3,1.0
2025-01-07 10:45:00,temp,1,21.99
2025-01-07 10:45:00,lux,2,452.0
2025-01-07 10:45:00,occupancy,3,1.0
2025-01-07 11:00:00,temp,1,20.25
2025-01-07 11:00:00,lux,2,423.0
2025-01-07 11:00:00,occupancy,3,1.0
2025-01-07 11:15:00,temp,1,21.31
2025-01-07 11:15:00,lux,2,310.0
2025-01-07 11:15:00,occupancy,3,1.0
2025-01-07 11:30:00,temp,1,22.73
2025-01-07 11:30:00,lux,2,372.0
2025-01-07 11:30:00,occupancy,3,1.0
2025-01-07 11:45:00,temp,1,22.94
2025-01-07 11:45:00,lux,2,273.0
2025-01-07 11:45:00,occupancy,3,1.0
2025-01-07 12:00:00,temp,1,23.33
2025-01-07 12:00:00,lux,2,391.0
2025-01-07 12:00:00,occupancy,3,1.0
2025-01-07 12:15:00,temp,1,22.95
2025-01-07 12:15:00,lux,2,252.0
2025-01-07 12:15:00,occupancy,3,1.0
2025-01-07 12:30:00,temp,1,23.36
2025-01-07 12:30:00,lux,2,201.0
2025-01-07 12:30:00,occupancy,3,1.0
2025-01-07 12:45:00,temp,1,21.04
2025-01-07 12:45:00,lux,2,336.0
2025-01-07 12:45:00,occupancy,3,1.0
2025-01-07 13:00:00,temp,1,21.93
2025-01-07 13:00:00,lux,2,349.0
2025-01-07 13:00:00,occupancy,3,1.0
2025-01-07 13:15:00,temp,1,21.93
2025-01-07 13:15:00,lux,2,413.0
2025-01-07 13:15:00,occupancy,3,1.0
2025-01-07 13:30:00,temp,1,22.78
2025-01-07 13:30:00,lux,2,486.0
2025-01-07 13:30:00,occupancy,3,1.0
2025-01-07 13:45:00,temp,1,23.92
2025-01-07 13:45:00,lux,2,302.0
2025-01-07 13:45:00,occupancy,3,1.0
2025-01-07 14:00:00,temp,1,23.09
2025-01-07 14:00:00,lux,2,272.0
2025-01-07 14:00:00,occupancy,3,1.0
2025-01-07 14:15:00,temp,1,23.04
2025-01-07 14:15:00,lux,2,245.0
2025-01-07 14:15:00,occupancy,3,1.0
2025-01-07 14:30:00,temp,1,22.65
2025-01-07 14:30:00,lux,2,440.0
2025-01-07 14:30:00,occupancy,3,1.0
2025-01-07 14:45:00,temp,1,21.75
2025-01-07 14:45:00,lux,2,282.0
2025-01-07 14:45:00,occupancy,3,1.0
2025-01-07 15:00:00,temp,1,21.55
2025-01-07 15:00:00,lux,2,322.0
2025-01-07 15:00:00,occupancy,3,1.0
2025-01-07 15:15:00,temp,1,22.46
2025-01-07 15:15:00,lux,2,467.0
2025-01-07 15:15:00,occupancy,3,1.0
2025-01-07 15:30:00,temp,1,24.76
2025-01-07 15:30:00,lux,2,211.0
2025-01-07 15:30:00,occupancy,3,1.0
2025-01-07 15:45:00,temp,1,22.66
2025-01-07 15:45:00,lux,2,370.0
2025-01-07 15:45:00,occupancy,3,1.0
2025-01-07 16:00:00,temp,1,22.98
2025-01-07 16:00:00,lux,2,357.0
2025-01-07 16:00:00,occupancy,3,1.0
2025-01-07 16:15:00,temp,1,22.58
2025-01-07 16:15:00,lux,2,419.0
2025-01-07 16:15:00,occupancy,3,1.0
2025-01-07 16:30:00,temp,1,22.7
2025-01-07 16:30:00,lux,2,485.0
2025-01-07 16:30:00,occupancy,3,1.0
2025-01-07 16:45:00,temp,1,22.64
2025-01-07 16:45:00,lux,2,360.0
2025-01-07 16:45:00,occupancy,3,1.0
2025-01-07 17:00:00,temp,1,21.88
2025-01-07 17:00:00,lux,2,310.0
2025-01-07 17:00:00,occupancy,3,1.0
2025-01-07 17:15:00,temp,1,21.26
2025-01-07 17:15:00,lux,2,413.0
2025-01-07 17:15:00,occupancy,3,1.0
2025-01-07 17:30:00,temp,1,23.81
2025-01-07 17:30:00,lux,2,394.0
2025-01-07 17:30:00,occupancy,3,1.0
2025-01-07 17:45:00,temp,1,24.68
2025-01-07 17:45:00,lux,2,256.0
2025-01-07 17:45:00,occupancy,3,1.0
2025-01-07 18:00:00,temp,1,23.14
2025-01-07 18:00:00,lux,2,498.0
2025-01-07 18:00:00,occupancy,3,1.0
2025-01-07 18:15:00,temp,1,21.35
2025-01-07 18:15:00,lux,2,372.0
2025-01-07 18:15:00,occupancy,3,1.0
2025-01-07 18:30:00,temp,1,22.37
2025-01-07 18:30:00,lux,2,250.0
2025-01-07 18:30:00,occupancy,3,1.0
2025-01-07 18:45:00,temp,1,22.19
2025-01-07 18:45:00,lux,2,438.0
2025-01-07 18:45:00,occupancy,3,1.0
2025-01-07 19:00:00,temp,1,22.64
2025-01-07 19:00:00,lux,2,216.0
2025-01-07 19:00:00,occupancy,3,0.0
2025-01-07 19:15:00,temp,1,23.94
2025-01-07 19:15:00,lux,2,478.0
2025-01-07 19:15:00,occupancy,3,0.0
2025-01-07 19:30:00,temp,1,23.6
2025-01-07 19:30:00,lux,2,393.0
2025-01-07 19:30:00,occupancy,3,0.0
2025-01-07 19:45:00,temp,1,21.69
2025-01-07 19:45:00,lux,2,393.0
2025-01-07 19:45:00,occupancy,3,0.0
2025-01-07 20:00:00,temp,1,23.17
2025-01-07 20:00:00,lux,2,230.0
2025-01-07 20:00:00,occupancy,3,0.0
2025-01-07 20:15:00,temp,1,23.57
2025-01-07 20:15:00,lux,2,405.0
2025-01-07 20:15:00,occupancy,3,0.0
2025-01-07 20:30:00,temp,1,22.69
2025-01-07 20:30:00,lux,2,239.0
2025-01-07 20:30:00,occupancy,3,0.0
2025-01-07 20:45:00,temp,1,24.05
2025-01-07 20:45:00,lux,2,461.0
2025-01-07 20:45:00,occupancy,3,0.0
2025-01-07 21:00:00,temp,1,17.39
2025-01-07 21:00:00,lux,2,0.0
2025-01-07 21:00:00,occupancy,3,0.0
2025-01-07 21:15:00,temp,1,20.1
2025-01-07 21:15:00,lux,2,0.0
2025-01-07 21:15:00,occupancy,3,0.0
2025-01-07 21:30:00,temp,1,18.8
2025-01-07 21:30:00,lux,2,0.0
2025-01-07 21:30:00,occupancy,3,0.0
2025-01-07 21:45:00,temp,1,21.93
2025-01-07 21:45:00,lux,2,0.0
2025-01-07 21:45:00,occupancy,3,0.0
2025-01-07 22:00:00,temp,1,20.05
2025-01-07 22:00:00,lux,2,0.0
2025-01-07 22:00:00,occupancy,3,0.0
2025-01-07 22:15:00,temp,1,20.09
2025-01-07 22:15:00,lux,2,0.0
2025-01-07 22:15:00,occupancy,3,0.0
2025-01-07 22:30:00,temp,1,18.54
2025-01-07 22:30:00,lux,2,0.0
2025-01-07 22:30:00,occupancy,3,0.0
2025-01-07 22:45:00,temp,1,18.45
2025-01-07 22:45:00,lux,2,0.0
2025-01-07 22:45:00,occupancy,3,1.0
2025-01-07 23:00:00,temp,1,18.01
2025-01-07 23:00:00,lux,2,0.0
2025-01-07 23:00:00,occupancy,3,0.0
2025-01-07 23:15:00,temp,1,18.19
2025-01-07 23:15:00,lux,2,0.0
2025-01-07 23:15:00,occupancy,3,0.0
2025-01-07 23:30:00,temp,1,18.65
2025-01-07 23:30:00,lux,2,0.0
2025-01-07 23:30:00,occupancy,3,1.0
2025-01-07 23:45:00,temp,1,18.64
2025-01-07 23:45:00,lux,2,0.0
2025-01-07 23:45:00,occupancy,3,0.0
2025-01-08 00:00:00,temp,1,20.65
2025-01-08 00:00:00,lux,2,0.0
2025-01-08 00:00:00,occupancy,3,0.0
